Entity,Code,Year,Pre-primary education
Albania,ALB,1999,44.0095
Albania,ALB,2003,50.96206
Albania,ALB,2004,48.28942
Albania,ALB,2005,48.40118
Albania,ALB,2006,50.46953
Albania,ALB,2007,50.93264
Albania,ALB,2008,56.54264
Albania,ALB,2009,57.54294
Albania,ALB,2010,62.00408
Albania,ALB,2011,66.20815
Albania,ALB,2012,71.92864
Albania,ALB,2013,74.10189
Albania,ALB,2014,73.72379
Albania,ALB,2015,73.37628
Albania,ALB,2016,76.79102
Albania,ALB,2017,77.39302
Albania,ALB,2018,75.53487
Albania,ALB,2021,74.91002
Albania,ALB,2022,80.78262
Albania,ALB,2023,81.20148
Algeria,DZA,1999,2.56826
Algeria,DZA,2003,4.20932
Algeria,DZA,2004,5.00951
Algeria,DZA,2005,6.21742
Algeria,DZA,2006,24.87875
Algeria,DZA,2008,32.19893
Algeria,DZA,2009,70.52489
Algeria,DZA,2010,70.31512
Algeria,DZA,2011,66.42543
Algeria,DZA,2021,49.2212
Algeria,DZA,2022,51.91441
Algeria,DZA,2023,51.16767
Algeria,DZA,2024,46.6112
Andorra,AND,2002,99.09732
Andorra,AND,2003,98.94614
Andorra,AND,2004,95.27694
Andorra,AND,2005,90.43584
Andorra,AND,2006,86.59591
Andorra,AND,2007,85.83268
Andorra,AND,2008,83.80615
Andorra,AND,2009,80.68772
Andorra,AND,2010,82.09076
Andorra,AND,2011,81.68438
Andorra,AND,2012,85.40474
Andorra,AND,2013,85.17454
Andorra,AND,2014,84.86105
Andorra,AND,2015,89.64004
Andorra,AND,2016,89.01295
Andorra,AND,2017,88.78417
Andorra,AND,2018,92.00799
Andorra,AND,2019,90.8953
Andorra,AND,2020,89.94949
Andorra,AND,2021,84.86541
Andorra,AND,2022,86.16792
Andorra,AND,2023,95.46792
Angola,AGO,2008,67.53116
Angola,AGO,2009,62.77442
Angola,AGO,2010,57.70913
Angola,AGO,2011,58.33944
Angola,AGO,2016,66.98005
Anguilla,AIA,1999,88.36439
Anguilla,AIA,2000,90.06995
Anguilla,AIA,2001,93.05211
Anguilla,AIA,2002,92.51208
Anguilla,AIA,2003,87.42409
Anguilla,AIA,2005,95.52573
Anguilla,AIA,2006,98.60382
Anguilla,AIA,2007,89.03855
Anguilla,AIA,2011,96.93215
Anguilla,AIA,2013,92.38224
Anguilla,AIA,2014,95.65518
Anguilla,AIA,2015,97.821144
Antigua and Barbuda,ATG,2000,38.85307
Antigua and Barbuda,ATG,2007,82.85493
Antigua and Barbuda,ATG,2008,85.94616
Antigua and Barbuda,ATG,2011,74.61447
Antigua and Barbuda,ATG,2012,78.51824
Antigua and Barbuda,ATG,2014,80.0227
Argentina,ARG,1998,54.52747
Argentina,ARG,1999,54.77248
Argentina,ARG,2000,58.08007
Argentina,ARG,2001,59.12061
Argentina,ARG,2002,59.67172
Argentina,ARG,2003,59.55736
Argentina,ARG,2004,61.22927
Argentina,ARG,2005,62.85704
Argentina,ARG,2006,63.51983
Argentina,ARG,2007,65.36083
Argentina,ARG,2008,67.89228
Argentina,ARG,2009,69.24348
Argentina,ARG,2010,69.85059
Argentina,ARG,2011,69.75345
Argentina,ARG,2012,70.76622
Argentina,ARG,2013,71.74109
Argentina,ARG,2014,71.94196
Argentina,ARG,2015,73.35887
Argentina,ARG,2016,74.7725
Argentina,ARG,2017,76.18214
Argentina,ARG,2018,77.24037
Argentina,ARG,2019,76.89618
Argentina,ARG,2020,75.86115
Argentina,ARG,2021,73.30246
Argentina,ARG,2022,76.06745
Armenia,ARM,2015,33.93962
Armenia,ARM,2016,32.73874
Armenia,ARM,2017,35.14036
Armenia,ARM,2018,35.13998
Armenia,ARM,2019,37.73025
Armenia,ARM,2020,43.45615
Armenia,ARM,2021,27.24587
Armenia,ARM,2022,44.42907
Armenia,ARM,2023,48.70419
Aruba,ABW,1999,96.57434
Aruba,ABW,2000,95.22987
Aruba,ABW,2001,90.67321
Aruba,ABW,2002,94.10714
Aruba,ABW,2003,96.52445
Aruba,ABW,2004,89.22323
Aruba,ABW,2005,97.1831
Aruba,ABW,2009,98.49224
Aruba,ABW,2010,96.95698
Aruba,ABW,2013,98.79811
Australia,AUS,2001,36.95064
Australia,AUS,2002,35.20766
Australia,AUS,2003,41.08203
Australia,AUS,2004,41.61137
Australia,AUS,2005,40.28679
Australia,AUS,2006,39.9929
Australia,AUS,2007,31.65277
Australia,AUS,2008,31.63999
Australia,AUS,2009,31.03055
Australia,AUS,2010,30.09225
Australia,AUS,2013,46.88737
Australia,AUS,2014,48.75224
Australia,AUS,2015,53.71145
Australia,AUS,2016,73.65715
Australia,AUS,2017,72.15198
Australia,AUS,2018,72.6829
Australia,AUS,2019,72.75348
Australia,AUS,2020,72.17384
Australia,AUS,2021,76.35606
Australia,AUS,2022,82.59371
Australia,AUS,2023,84.02911
Austria,AUT,1999,67.80585
Austria,AUT,2000,69.63707
Austria,AUT,2001,71.56346
Austria,AUT,2002,72.70023
Austria,AUT,2003,73.93886
Austria,AUT,2004,73.81958
Austria,AUT,2005,74.45853
Austria,AUT,2006,74.81274
Austria,AUT,2007,76.03654
Austria,AUT,2008,77.62609
Austria,AUT,2009,79.92046
Austria,AUT,2010,81.83085
Austria,AUT,2011,83.24246
Austria,AUT,2012,84.13182
Austria,AUT,2013,83.29081
Austria,AUT,2014,83.32378
Austria,AUT,2015,84.40206
Austria,AUT,2016,84.70086
Austria,AUT,2017,85.29632
Austria,AUT,2018,84.82018
Austria,AUT,2019,85.02601
Austria,AUT,2020,84.73097
Austria,AUT,2021,84.05372
Austria,AUT,2022,85.52821
Austria,AUT,2023,85.77823
Azerbaijan,AZE,2000,14.55533
Azerbaijan,AZE,2001,15.88789
Azerbaijan,AZE,2002,17.10924
Azerbaijan,AZE,2003,18.26909
Azerbaijan,AZE,2004,19.09327
Azerbaijan,AZE,2005,20.6159
Azerbaijan,AZE,2006,21.32926
Azerbaijan,AZE,2007,21.03948
Azerbaijan,AZE,2008,20.31853
Azerbaijan,AZE,2009,20.08243
Azerbaijan,AZE,2010,21.62942
Azerbaijan,AZE,2011,22.65952
Azerbaijan,AZE,2012,21.00848
Azerbaijan,AZE,2013,20.36574
Azerbaijan,AZE,2014,18.25193
Azerbaijan,AZE,2015,18.7492
Azerbaijan,AZE,2016,18.02226
Azerbaijan,AZE,2017,31.57104
Azerbaijan,AZE,2018,35.36377
Azerbaijan,AZE,2019,38.44951
Azerbaijan,AZE,2020,46.7204
Azerbaijan,AZE,2021,50.33155
Azerbaijan,AZE,2022,54.07122
Azerbaijan,AZE,2023,50.024
Bahamas,BHS,1999,11.35806
Bahamas,BHS,2002,22.95164
Bahamas,BHS,2011,29.35003
Bahamas,BHS,2012,31.72504
Bahamas,BHS,2013,24.72145
Bahamas,BHS,2014,33.07954
Bahamas,BHS,2015,26.00674
Bahamas,BHS,2016,26.61252
Bahamas,BHS,2017,32.36298
Bahamas,BHS,2018,26.69991
Bahamas,BHS,2019,31.57107
Bahamas,BHS,2021,19.94061
Bahamas,BHS,2023,30.61712
Bahrain,BHR,1999,32.44025
Bahrain,BHR,2000,32.87922
Bahrain,BHR,2001,34.84032
Bahrain,BHR,2002,35.73591
Bahrain,BHR,2003,37.12018
Bahrain,BHR,2004,41.30572
Bahrain,BHR,2005,41.57642
Bahrain,BHR,2006,41.96253
Bahrain,BHR,2008,44.15292
Bahrain,BHR,2009,47.10702
Bahrain,BHR,2010,48.64271
Bahrain,BHR,2011,50.24829
Bahrain,BHR,2012,53.11286
Bahrain,BHR,2013,57.52058
Bahrain,BHR,2014,58.5809
Bahrain,BHR,2015,54.67459
Bahrain,BHR,2016,54.22593
Bahrain,BHR,2017,53.85838
Bahrain,BHR,2018,53.05198
Bahrain,BHR,2019,52.75828
Bahrain,BHR,2020,54.83958
Bahrain,BHR,2023,52.08983
Bangladesh,BGD,2003,9.96502
Bangladesh,BGD,2004,9.2396
Bangladesh,BGD,2009,9.95891
Bangladesh,BGD,2010,11.6985235
Bangladesh,BGD,2011,2.7977824
Bangladesh,BGD,2021,3.956815
Barbados,BRB,1999,70.64455
Barbados,BRB,2000,68.60158
Barbados,BRB,2001,67.57933
Barbados,BRB,2002,75.67158
Barbados,BRB,2003,71.59197
Barbados,BRB,2004,69.28766
Barbados,BRB,2005,73.43891
Barbados,BRB,2006,73.36801
Barbados,BRB,2007,73.56934
Barbados,BRB,2008,74.37568
Barbados,BRB,2009,69.50424
Barbados,BRB,2010,73.26438
Barbados,BRB,2011,70.82467
Barbados,BRB,2014,80.79899
Barbados,BRB,2015,86.15205
Barbados,BRB,2016,83.31594
Barbados,BRB,2017,83.50734
Barbados,BRB,2018,77.40509
Barbados,BRB,2019,75.08061
Barbados,BRB,2020,71.7529
Barbados,BRB,2021,64.7789
Barbados,BRB,2022,61.98347
Barbados,BRB,2023,59.68956
Belarus,BLR,1999,78.53949
Belarus,BLR,2000,81.43645
Belarus,BLR,2001,84.739
Belarus,BLR,2002,84.30112
Belarus,BLR,2003,83.88201
Belarus,BLR,2004,83.96046
Belarus,BLR,2005,86.03119
Belarus,BLR,2006,87.72495
Belarus,BLR,2007,89.48613
Belarus,BLR,2008,90.91152
Belarus,BLR,2009,92.32453
Belarus,BLR,2010,93.14182
Belarus,BLR,2011,93.24658
Belarus,BLR,2012,94.17792
Belarus,BLR,2013,95.07145
Belarus,BLR,2014,95.77372
Belarus,BLR,2015,95.80307
Belarus,BLR,2016,94.49751
Belarus,BLR,2017,93.86686
Belarus,BLR,2018,93.91311
Belarus,BLR,2019,94.44602
Belarus,BLR,2020,95.79626
Belarus,BLR,2021,97.91306
Belarus,BLR,2022,98.54498
Belarus,BLR,2023,98.49226
Belgium,BEL,1999,98.13453
Belgium,BEL,2000,98.41662
Belgium,BEL,2001,99.55257
Belgium,BEL,2002,99.43264
Belgium,BEL,2003,99.41435
Belgium,BEL,2004,99.15619
Belgium,BEL,2005,99.5101
Belgium,BEL,2006,99.41126
Belgium,BEL,2007,99.27322
Belgium,BEL,2008,99.03425
Belgium,BEL,2009,98.73262
Belgium,BEL,2010,98.57208
Belgium,BEL,2011,97.67103
Belgium,BEL,2012,97.91271
Belgium,BEL,2013,97.99352
Belgium,BEL,2014,97.9445
Belgium,BEL,2015,97.92417
Belgium,BEL,2016,97.90654
Belgium,BEL,2017,98.1243
Belgium,BEL,2018,98.00391
Belgium,BEL,2019,97.97932
Belgium,BEL,2020,98.17089
Belgium,BEL,2021,97.64229
Belgium,BEL,2022,97.89328
Belize,BLZ,1999,27.41221
Belize,BLZ,2000,27.92344
Belize,BLZ,2001,27.28242
Belize,BLZ,2003,25.51613
Belize,BLZ,2004,24.3439
Belize,BLZ,2005,29.1889
Belize,BLZ,2006,31.2107
Belize,BLZ,2007,31.66811
Belize,BLZ,2008,36.31447
Belize,BLZ,2009,37.69367
Belize,BLZ,2010,40.73063
Belize,BLZ,2011,42.47463
Belize,BLZ,2012,44.77681
Belize,BLZ,2013,46.56067
Belize,BLZ,2014,49.69923
Belize,BLZ,2015,49.29458
Belize,BLZ,2016,49.42823
Belize,BLZ,2017,47.23632
Belize,BLZ,2018,46.58986
Belize,BLZ,2019,46.41176
Belize,BLZ,2020,39.65092
Belize,BLZ,2021,25.12834
Belize,BLZ,2022,29.14818
Belize,BLZ,2023,32.61294
Benin,BEN,1999,2.57273
Benin,BEN,2000,3.86096
Benin,BEN,2003,2.895
Benin,BEN,2004,2.73069
Benin,BEN,2005,3.35088
Benin,BEN,2011,8.73675
Benin,BEN,2012,9.08403
Benin,BEN,2015,11.54552
Benin,BEN,2016,11.50443
Benin,BEN,2018,12.93575
Bermuda,BMU,2011,34.89736
Bermuda,BMU,2012,41.57143
Bhutan,BTN,1998,0.94209
Bhutan,BTN,1999,0.78157
Bhutan,BTN,2000,1.01058
Bhutan,BTN,2018,24.53772
Bhutan,BTN,2020,30.86123
Bolivia,BOL,1998,33.69292
Bolivia,BOL,1999,34.39973
Bolivia,BOL,2000,38.48186
Bolivia,BOL,2001,38.73054
Bolivia,BOL,2002,39.81234
Bolivia,BOL,2003,40.67097
Bolivia,BOL,2004,42.57961
Bolivia,BOL,2005,43.32648
Bolivia,BOL,2006,43.06395
Bolivia,BOL,2007,41.40238
Bolivia,BOL,2008,35.15979
Bolivia,BOL,2009,42.53105
Bolivia,BOL,2010,44.22221
Bolivia,BOL,2011,49.75757
Bolivia,BOL,2012,55.90209
Bolivia,BOL,2013,60.59847
Bolivia,BOL,2014,65.05455
Bolivia,BOL,2015,69.09445
Bolivia,BOL,2016,73.16917
Bolivia,BOL,2017,73.73213
Bolivia,BOL,2018,74.78832
Bolivia,BOL,2019,77.73197
Bolivia,BOL,2020,78.64573
Bolivia,BOL,2021,74.33216
Bolivia,BOL,2022,74.4588
Bolivia,BOL,2023,73.46657
Bosnia and Herzegovina,BIH,2010,11.08077
Bosnia and Herzegovina,BIH,2011,11.50253
Bosnia and Herzegovina,BIH,2012,12.05305
Botswana,BWA,2005,11.36878
Botswana,BWA,2006,13.13637
Botswana,BWA,2007,12.70149
Botswana,BWA,2008,14.36643
Botswana,BWA,2009,14.28284
Botswana,BWA,2012,13.014
Botswana,BWA,2013,15.795909
Botswana,BWA,2014,17.818872
Botswana,BWA,2022,19.659678
Brazil,BRA,2013,70.28375
Brazil,BRA,2014,73.23207
Brazil,BRA,2015,73.39427
Brazil,BRA,2016,78.0312
Brazil,BRA,2017,78.04156
Brazil,BRA,2018,78.49722
Brazil,BRA,2019,78.96531
Brazil,BRA,2020,78.72928
Brazil,BRA,2021,73.82126
Brazil,BRA,2022,75.31687
British Virgin Islands,VGB,1999,49.92826
British Virgin Islands,VGB,2000,49.09091
British Virgin Islands,VGB,2001,60.2459
British Virgin Islands,VGB,2002,69.18919
British Virgin Islands,VGB,2003,73.3871
British Virgin Islands,VGB,2004,77.26064
British Virgin Islands,VGB,2006,80.46176
British Virgin Islands,VGB,2009,69.97897
British Virgin Islands,VGB,2011,81.2777
British Virgin Islands,VGB,2014,72.25295
British Virgin Islands,VGB,2016,81.12981
British Virgin Islands,VGB,2018,66.51306
British Virgin Islands,VGB,2019,72.04161
British Virgin Islands,VGB,2020,47.90343
British Virgin Islands,VGB,2021,52.09657
British Virgin Islands,VGB,2022,64.76762
British Virgin Islands,VGB,2024,77.4584
Brunei,BRN,2005,56.93147
Brunei,BRN,2006,55.81137
Brunei,BRN,2007,54.59298
Brunei,BRN,2008,55.58246
Brunei,BRN,2009,61.87005
Brunei,BRN,2010,61.12985
Brunei,BRN,2011,61.58364
Brunei,BRN,2012,61.773438
Brunei,BRN,2013,63.483566
Brunei,BRN,2014,62.064274
Brunei,BRN,2015,61.17774
Brunei,BRN,2016,61.46366
Brunei,BRN,2017,62.260277
Brunei,BRN,2018,61.764267
Brunei,BRN,2019,60.587063
Brunei,BRN,2020,60.73586
Brunei,BRN,2021,55.974747
Brunei,BRN,2022,45.342445
Brunei,BRN,2023,53.165943
Bulgaria,BGR,1999,67.59819
Bulgaria,BGR,2000,66.44179
Bulgaria,BGR,2001,66.83471
Bulgaria,BGR,2002,73.83551
Bulgaria,BGR,2003,74.48939
Bulgaria,BGR,2004,74.73879
Bulgaria,BGR,2005,74.97548
Bulgaria,BGR,2006,76.54594
Bulgaria,BGR,2007,78.08644
Bulgaria,BGR,2008,78.72817
Bulgaria,BGR,2009,79.46426
Bulgaria,BGR,2010,80.35473
Bulgaria,BGR,2011,81.33769
Bulgaria,BGR,2012,81.45317
Bulgaria,BGR,2013,79.90065
Bulgaria,BGR,2014,81.9417
Bulgaria,BGR,2015,83.25075
Bulgaria,BGR,2016,83.17461
Bulgaria,BGR,2017,83.38313
Bulgaria,BGR,2018,84.65167
Bulgaria,BGR,2019,85.8955
Bulgaria,BGR,2020,86.75479
Bulgaria,BGR,2021,85.42669
Bulgaria,BGR,2022,86.37506
Bulgaria,BGR,2023,87.34305
Burkina Faso,BFA,2009,2.0204
Burkina Faso,BFA,2010,2.4833727
Burkina Faso,BFA,2011,2.70708
Burkina Faso,BFA,2012,3.1989007
Burkina Faso,BFA,2013,3.38684
Burkina Faso,BFA,2014,3.66623
Burkina Faso,BFA,2015,3.64906
Burkina Faso,BFA,2016,2.7781
Burkina Faso,BFA,2017,3.36665
Burkina Faso,BFA,2018,4.00169
Burkina Faso,BFA,2019,5.09352
Burkina Faso,BFA,2020,5.92929
Burkina Faso,BFA,2021,6.23655
Burkina Faso,BFA,2022,6.63814
Burkina Faso,BFA,2023,6.90102
Burundi,BDI,2009,5.87765
Burundi,BDI,2010,5.03221
Burundi,BDI,2011,3.77279
Burundi,BDI,2012,4.00952
Burundi,BDI,2013,4.34139
Burundi,BDI,2014,7.206901
Burundi,BDI,2015,6.86501
Burundi,BDI,2016,6.70296
Burundi,BDI,2017,6.73892
Burundi,BDI,2018,7.62875
Burundi,BDI,2019,8.15596
Burundi,BDI,2020,8.10825
Cambodia,KHM,2000,4.82617
Cambodia,KHM,2001,6.39831
Cambodia,KHM,2002,7.39839
Cambodia,KHM,2003,7.97182
Cambodia,KHM,2004,9.05946
Cambodia,KHM,2005,9.27472
Cambodia,KHM,2006,10.03437
Cambodia,KHM,2007,11.68294
Cambodia,KHM,2008,12.13099
Cambodia,KHM,2010,11.90949
Cambodia,KHM,2011,11.18578
Cambodia,KHM,2012,13.04483
Cambodia,KHM,2013,13.58581
Cambodia,KHM,2015,17.35502
Cambodia,KHM,2016,18.62972
Cambodia,KHM,2017,20.13059
Cambodia,KHM,2018,23.04206
Cambodia,KHM,2019,24.4972
Cambodia,KHM,2020,26.72253
Cambodia,KHM,2021,32.199665
Cambodia,KHM,2022,23.242458
Cambodia,KHM,2023,35.236855
Cameroon,CMR,2007,13.69709
Cameroon,CMR,2008,16.52079
Cameroon,CMR,2009,17.37451
Cameroon,CMR,2010,18.57756
Cameroon,CMR,2011,19.18298
Cameroon,CMR,2012,21.58066
Cameroon,CMR,2014,24.85794
Cameroon,CMR,2015,26.91051
Cameroon,CMR,2016,28.43799
Cameroon,CMR,2017,27.49124
Cameroon,CMR,2018,25.76398
Cameroon,CMR,2019,27.03958
Cameroon,CMR,2020,27.619576
Cameroon,CMR,2021,28.35476
Cameroon,CMR,2022,28.88856
Cameroon,CMR,2023,30.08173
Cape Verde,CPV,1999,45.58744
Cape Verde,CPV,2001,50.92116
Cape Verde,CPV,2002,53.74879
Cape Verde,CPV,2003,56.2886
Cape Verde,CPV,2004,56.70803
Cape Verde,CPV,2005,59.12184
Cape Verde,CPV,2006,58.76033
Cape Verde,CPV,2007,60.95362
Cape Verde,CPV,2008,64.27975
Cape Verde,CPV,2009,64.86377
Cape Verde,CPV,2010,62.46637
Cape Verde,CPV,2011,64.77115
Cape Verde,CPV,2012,64.80181
Cape Verde,CPV,2013,64.95973
Cape Verde,CPV,2014,66.52151
Cape Verde,CPV,2015,70.11844
Cape Verde,CPV,2016,72.20943
Cape Verde,CPV,2017,70.17677
Cape Verde,CPV,2018,71.30093
Cape Verde,CPV,2019,73.59844
Cape Verde,CPV,2020,72.78396
Cayman Islands,CYM,1999,43.0098
Cayman Islands,CYM,2000,55.29831
Cayman Islands,CYM,2001,58.07899
Cayman Islands,CYM,2002,53.40599
Cayman Islands,CYM,2004,48.29309
Cayman Islands,CYM,2005,45.90164
Cayman Islands,CYM,2006,51.24805
Cayman Islands,CYM,2007,66.37795
Cayman Islands,CYM,2013,82.56881
Cayman Islands,CYM,2018,87.35409
Cayman Islands,CYM,2019,86.32761
Cayman Islands,CYM,2020,38.68368
Cayman Islands,CYM,2021,79.65986
Cayman Islands,CYM,2022,84.37917
Cayman Islands,CYM,2023,83.72396
Central African Republic,CAF,2003,1.54774
Central African Republic,CAF,2008,3.2877
Central African Republic,CAF,2009,3.3922
Central African Republic,CAF,2011,4.84977
Central African Republic,CAF,2017,4.8799796
Central and Southern Asia (SDG),,2019,58.07162
Central and Southern Asia (SDG),,2020,57.48943
Central and Southern Asia (SDG),,2021,51.06482
Central and Southern Asia (SDG),,2022,43.24794
Central and Southern Asia (SDG),,2023,50.64797
Chad,TCD,2010,1.46619
Chad,TCD,2011,1.48071
Chad,TCD,2012,1.20627
Chad,TCD,2015,0.7274
Chad,TCD,2016,0.79197
Chad,TCD,2017,0.61573
Chad,TCD,2018,0.89756
Chad,TCD,2019,0.90392
Chad,TCD,2021,1.03938
Chad,TCD,2022,1.57189
Chad,TCD,2023,1.59358
Chile,CHL,2007,67.87016
Chile,CHL,2008,67.71111
Chile,CHL,2009,69.91365
Chile,CHL,2010,84.33546
Chile,CHL,2011,84.57284
Chile,CHL,2012,85.29345
Chile,CHL,2013,72.73207
Chile,CHL,2014,74.4949
Chile,CHL,2015,75.63817
Chile,CHL,2016,76.50314
Chile,CHL,2017,76.53927
Chile,CHL,2018,76.08711
Chile,CHL,2019,77.10337
Chile,CHL,2020,75.02349
Chile,CHL,2021,71.83513
Chile,CHL,2022,73.41134
Chile,CHL,2023,72.934
Colombia,COL,1998,33.59565
Colombia,COL,1999,35.29199
Colombia,COL,2000,37.14243
Colombia,COL,2001,36.8874
Colombia,COL,2002,37.44474
Colombia,COL,2004,38.01964
Colombia,COL,2005,40.06363
Colombia,COL,2006,38.32915
Colombia,COL,2007,36.74593
Colombia,COL,2008,48.19898
Colombia,COL,2009,52.05156
Colombia,COL,2010,50.36059
Colombia,COL,2011,51.32196
Colombia,COL,2018,72.74489
Colombia,COL,2019,93.1499
Colombia,COL,2020,82.69439
Colombia,COL,2021,74.09575
Colombia,COL,2022,77.66653
Comoros,COM,1999,2.07683
Comoros,COM,2013,23.33212
Comoros,COM,2014,15.110171
Comoros,COM,2016,16.385538
Comoros,COM,2017,19.47996
Comoros,COM,2018,23.65423
Comoros,COM,2021,16.91059
Comoros,COM,2023,20.265902
Congo,COG,1999,2.17797
Congo,COG,2000,2.80757
Congo,COG,2001,3.30875
Congo,COG,2002,5.1228
Congo,COG,2003,6.09798
Congo,COG,2004,7.08922
Congo,COG,2005,7.38898
Congo,COG,2006,8.41421
Congo,COG,2007,9.2324
Congo,COG,2008,10.73579
Congo,COG,2009,10.75241
Congo,COG,2010,11.26264
Congo,COG,2011,10.4033
Congo,COG,2012,12.13521
Congo,COG,2018,9.03334
Cook Islands,COK,2010,71.0356
Cook Islands,COK,2011,77.66991
Cook Islands,COK,2012,75.318474
Cook Islands,COK,2013,76.67732
Cook Islands,COK,2014,73.66721
Cook Islands,COK,2015,83.82353
Cook Islands,COK,2016,87.66892
Cook Islands,COK,2017,90.19264
Cook Islands,COK,2018,88.80734
Cook Islands,COK,2019,84.83685
Cook Islands,COK,2020,83.19537
Cook Islands,COK,2021,89.77035
Cook Islands,COK,2022,88.52814
Cook Islands,COK,2023,81.50685
Costa Rica,CRI,2011,69.723
Costa Rica,CRI,2012,68.80076
Costa Rica,CRI,2013,71.41571
Costa Rica,CRI,2014,75.24526
Costa Rica,CRI,2015,73.23236
Costa Rica,CRI,2016,71.87591
Costa Rica,CRI,2017,72.48138
Costa Rica,CRI,2018,85.60033
Costa Rica,CRI,2019,89.18601
Costa Rica,CRI,2020,91.81106
Costa Rica,CRI,2021,92.80115
Costa Rica,CRI,2022,94.70562
Costa Rica,CRI,2023,99.07405
Cote d'Ivoire,CIV,2000,2.27011
Cote d'Ivoire,CIV,2001,2.3445
Cote d'Ivoire,CIV,2002,2.41919
Cote d'Ivoire,CIV,2003,2.56042
Cote d'Ivoire,CIV,2009,2.81585
Cote d'Ivoire,CIV,2011,2.8095734
Cote d'Ivoire,CIV,2012,3.3423991
Cote d'Ivoire,CIV,2013,4.01042
Cote d'Ivoire,CIV,2014,5.2055
Cote d'Ivoire,CIV,2015,5.77275
Cote d'Ivoire,CIV,2016,6.32599
Cote d'Ivoire,CIV,2017,6.71971
Cote d'Ivoire,CIV,2018,6.65124
Cote d'Ivoire,CIV,2019,6.68218
Cote d'Ivoire,CIV,2020,8.55814
Cote d'Ivoire,CIV,2021,8.56458
Cote d'Ivoire,CIV,2022,8.96584
Cote d'Ivoire,CIV,2023,9.18028
Croatia,HRV,2001,48.65209
Croatia,HRV,2002,49.35005
Croatia,HRV,2005,50.53393
Croatia,HRV,2006,52.77456
Croatia,HRV,2007,55.18545
Croatia,HRV,2008,57.50703
Croatia,HRV,2009,58.44759
Croatia,HRV,2010,60.24329
Croatia,HRV,2011,61.18977
Croatia,HRV,2012,60.92593
Croatia,HRV,2013,61.12719
Croatia,HRV,2014,61.76221
Croatia,HRV,2015,63.433
Croatia,HRV,2016,64.98372
Croatia,HRV,2017,72.07591
Croatia,HRV,2018,71.6098
Croatia,HRV,2019,74.96187
Croatia,HRV,2020,74.45451
Croatia,HRV,2021,73.81705
Croatia,HRV,2022,76.68093
Cuba,CUB,1999,96.49197
Cuba,CUB,2000,97.57735
Cuba,CUB,2001,97.36122
Cuba,CUB,2002,97.24174
Cuba,CUB,2003,99.359
Cuba,CUB,2004,99.5219
Cuba,CUB,2005,98.92948
Cuba,CUB,2006,98.59802
Cuba,CUB,2007,98.12384
Cuba,CUB,2008,98.12791
Cuba,CUB,2009,97.5117
Cuba,CUB,2010,95.85639
Cuba,CUB,2011,95.56417
Cuba,CUB,2014,95.80561
Cuba,CUB,2015,96.37873
Cuba,CUB,2016,97.8472
Cuba,CUB,2017,98.71038
Cuba,CUB,2018,98.85434
Cuba,CUB,2019,99.6239
Cuba,CUB,2020,98.55153
Curacao,CUW,2020,88.16504
Curacao,CUW,2023,85.87811
Cyprus,CYP,2000,53.26091
Cyprus,CYP,2001,55.72226
Cyprus,CYP,2002,55.29256
Cyprus,CYP,2003,55.63215
Cyprus,CYP,2004,56.13106
Cyprus,CYP,2005,59.44432
Cyprus,CYP,2006,69.53846
Cyprus,CYP,2007,68.65654
Cyprus,CYP,2008,71.7683
Cyprus,CYP,2009,70.82283
Cyprus,CYP,2010,70.07584
Cyprus,CYP,2011,70.88869
Cyprus,CYP,2012,69.16059
Cyprus,CYP,2013,69.25782
Cyprus,CYP,2014,68.31573
Cyprus,CYP,2015,70.00239
Cyprus,CYP,2016,70.66155
Cyprus,CYP,2017,73.17956
Cyprus,CYP,2018,73.58063
Cyprus,CYP,2019,73.27331
Cyprus,CYP,2020,73.66489
Cyprus,CYP,2021,68.59131
Cyprus,CYP,2022,66.72087
Czechia,CZE,1999,75.56765
Czechia,CZE,2000,79.13136
Czechia,CZE,2001,81.54068
Czechia,CZE,2002,83.04242
Czechia,CZE,2003,84.71207
Czechia,CZE,2004,85.37288
Czechia,CZE,2005,84.66217
Czechia,CZE,2006,82.32187
Czechia,CZE,2007,82.94712
Czechia,CZE,2008,79.94615
Czechia,CZE,2009,79.61606
Czechia,CZE,2010,78.78125
Czechia,CZE,2011,77.12601
Czechia,CZE,2012,76.43681
Czechia,CZE,2013,76.76316
Czechia,CZE,2014,80.49114
Czechia,CZE,2015,84.63582
Czechia,CZE,2016,86.61695
Czechia,CZE,2017,87.72666
Czechia,CZE,2018,86.70296
Czechia,CZE,2019,86.2806
Czechia,CZE,2020,85.80522
Czechia,CZE,2021,85.38578
Czechia,CZE,2022,85.33241
Democratic Republic of Congo,COD,2001,0.76565
Democratic Republic of Congo,COD,2002,1.25418
Democratic Republic of Congo,COD,2011,3.48947
Democratic Republic of Congo,COD,2013,3.75018
Democratic Republic of Congo,COD,2020,5.8787417
Denmark,DNK,1999,86.93953
Denmark,DNK,2000,88.74723
Denmark,DNK,2001,89.655
Denmark,DNK,2002,90.55419
Denmark,DNK,2004,92.3113
Denmark,DNK,2005,90.91272
Denmark,DNK,2006,91.67189
Denmark,DNK,2007,91.88103
Denmark,DNK,2008,91.64109
Denmark,DNK,2009,92.22545
Denmark,DNK,2010,94.7486
Denmark,DNK,2011,94.68813
Denmark,DNK,2012,96.89858
Denmark,DNK,2013,94.96364
Denmark,DNK,2014,94.7141
Denmark,DNK,2015,95.53085
Denmark,DNK,2016,96.37195
Denmark,DNK,2017,96.6342
Denmark,DNK,2018,98.09311
Denmark,DNK,2019,96.37399
Denmark,DNK,2020,96.33418
Denmark,DNK,2021,95.91111
Denmark,DNK,2022,95.97758
Denmark,DNK,2023,94.74293
Dominica,DMA,1999,82.71182
Dominica,DMA,2001,83.84123
Dominica,DMA,2010,67.49634
Dominica,DMA,2015,50.39494
Dominica,DMA,2019,64.90105
Dominica,DMA,2020,76.39563
Dominica,DMA,2021,73.99497
Dominica,DMA,2022,82.893
Dominica,DMA,2023,83.94158
Dominican Republic,DOM,1999,27.69175
Dominican Republic,DOM,2000,30.08383
Dominican Republic,DOM,2002,28.17507
Dominican Republic,DOM,2003,28.26896
Dominican Republic,DOM,2004,27.14322
Dominican Republic,DOM,2005,29.95241
Dominican Republic,DOM,2006,30.61595
Dominican Republic,DOM,2007,30.45041
Dominican Republic,DOM,2008,32.52915
Dominican Republic,DOM,2009,35.96096
Dominican Republic,DOM,2010,38.43928
Dominican Republic,DOM,2011,38.72116
Dominican Republic,DOM,2012,40.56758
Dominican Republic,DOM,2013,45.12632
Dominican Republic,DOM,2014,47.14303
Dominican Republic,DOM,2015,47.32842
Dominican Republic,DOM,2016,47.13136
Dominican Republic,DOM,2017,49.60908
Dominican Republic,DOM,2018,50.22249
Dominican Republic,DOM,2019,56.51376
Dominican Republic,DOM,2020,57.78566
Dominican Republic,DOM,2021,33.50895
Dominican Republic,DOM,2022,49.27621
Dominican Republic,DOM,2023,57.45503
East Timor,TLS,2013,12.554835
East Timor,TLS,2014,15.25897
East Timor,TLS,2015,17.269901
East Timor,TLS,2016,18.9583
East Timor,TLS,2017,21.963202
East Timor,TLS,2018,21.883991
East Timor,TLS,2019,24.991274
East Timor,TLS,2020,25.188581
Ecuador,ECU,1999,49.57513
Ecuador,ECU,2000,50.87648
Ecuador,ECU,2001,53.52885
Ecuador,ECU,2002,55.24129
Ecuador,ECU,2003,57.50819
Ecuador,ECU,2004,57.97088
Ecuador,ECU,2005,60.137
Ecuador,ECU,2006,69.44241
Ecuador,ECU,2007,77.2668
Ecuador,ECU,2009,40.85425
Ecuador,ECU,2010,41.30035
Ecuador,ECU,2011,45.48723
Ecuador,ECU,2012,48.99313
Ecuador,ECU,2013,56.5012
Ecuador,ECU,2014,64.7244
Ecuador,ECU,2015,67.4335
Ecuador,ECU,2016,69.05025
Ecuador,ECU,2017,68.77429
Ecuador,ECU,2018,65.78431
Ecuador,ECU,2019,65.03721
Ecuador,ECU,2020,59.95266
Ecuador,ECU,2021,63.44237
Ecuador,ECU,2022,68.28104
Ecuador,ECU,2023,69.2021
Egypt,EGY,1999,8.40424
Egypt,EGY,2000,9.0416
Egypt,EGY,2001,10.3535
Egypt,EGY,2002,10.31801
Egypt,EGY,2003,10.97384
Egypt,EGY,2005,13.52362
Egypt,EGY,2006,14.42298
Egypt,EGY,2007,14.10409
Egypt,EGY,2009,17.82531
Egypt,EGY,2011,18.8082
Egypt,EGY,2012,19.23242
Egypt,EGY,2014,23.20222
Egypt,EGY,2016,23.53256
Egypt,EGY,2017,23.14846
Egypt,EGY,2018,23.59599
Egypt,EGY,2019,24.55113
Egypt,EGY,2020,25.57082
Egypt,EGY,2021,22.39499
Egypt,EGY,2023,23.52862
El Salvador,SLV,1998,33.64718
El Salvador,SLV,2000,39.70486
El Salvador,SLV,2001,41.91437
El Salvador,SLV,2002,45.20305
El Salvador,SLV,2003,46.90245
El Salvador,SLV,2004,49.4063
El Salvador,SLV,2005,48.89947
El Salvador,SLV,2006,49.22076
El Salvador,SLV,2007,47.73336
El Salvador,SLV,2008,49.29214
El Salvador,SLV,2009,49.46816
El Salvador,SLV,2010,54.29994
El Salvador,SLV,2011,54.48954
El Salvador,SLV,2012,54.63339
El Salvador,SLV,2013,56.5474
El Salvador,SLV,2014,58.17208
El Salvador,SLV,2015,57.07414
El Salvador,SLV,2016,56.77748
El Salvador,SLV,2017,55.54715
El Salvador,SLV,2018,56.69502
El Salvador,SLV,2019,54.10657
El Salvador,SLV,2020,53.59373
El Salvador,SLV,2021,47.43641
El Salvador,SLV,2022,50.52305
El Salvador,SLV,2023,63.27481
Equatorial Guinea,GNQ,1999,20.26673
Equatorial Guinea,GNQ,2000,19.67552
Equatorial Guinea,GNQ,2003,24.32002
Equatorial Guinea,GNQ,2011,29.88836
Equatorial Guinea,GNQ,2012,29.24909
Equatorial Guinea,GNQ,2015,24.09447
Eritrea,ERI,1999,7.01789
Eritrea,ERI,2000,6.85594
Eritrea,ERI,2001,6.49683
Eritrea,ERI,2002,6.02168
Eritrea,ERI,2003,6.70221
Eritrea,ERI,2004,8.38478
Eritrea,ERI,2005,14.23188
Eritrea,ERI,2006,16.06062
Eritrea,ERI,2007,15.97763
Eritrea,ERI,2008,15.35892
Eritrea,ERI,2009,15.21609
Eritrea,ERI,2010,15.83387
Eritrea,ERI,2011,16.91588
Eritrea,ERI,2012,16.18027
Eritrea,ERI,2013,21.71307
Eritrea,ERI,2014,19.82968
Eritrea,ERI,2015,21.0732
Eritrea,ERI,2017,22.58043
Eritrea,ERI,2018,23.65061
Eritrea,ERI,2019,23.793177
Eritrea,ERI,2022,28.21578
Estonia,EST,2010,86.21403
Estonia,EST,2011,85.30332
Estonia,EST,2012,86.32263
Eswatini,SWZ,2004,10.82012
Eswatini,SWZ,2011,19.31943
Ethiopia,ETH,2012,14.31773
Ethiopia,ETH,2014,25.730783
Ethiopia,ETH,2015,26.044258
Ethiopia,ETH,2021,28.482426
Ethiopia,ETH,2022,26.976196
Europe and Central Asia (WB),WB_ECA,1998,56.43101
Europe and Central Asia (WB),WB_ECA,1999,54.94056
Europe and Central Asia (WB),WB_ECA,2000,55.68111
Europe and Central Asia (WB),WB_ECA,2001,56.62012
Europe and Central Asia (WB),WB_ECA,2002,57.65051
Europe and Central Asia (WB),WB_ECA,2003,59.61017
Europe and Central Asia (WB),WB_ECA,2004,59.73757
Europe and Central Asia (WB),WB_ECA,2005,61.45185
Europe and Central Asia (WB),WB_ECA,2006,62.51339
Europe and Central Asia (WB),WB_ECA,2007,63.51622
Europe and Central Asia (WB),WB_ECA,2008,64.74355
Europe and Central Asia (WB),WB_ECA,2009,65.67835
Europe and Central Asia (WB),WB_ECA,2010,66.63401
Europe and Central Asia (WB),WB_ECA,2011,67.50225
Europe and Central Asia (WB),WB_ECA,2012,68.18305
Europe and Central Asia (WB),WB_ECA,2013,67.98221
Europe and Central Asia (WB),WB_ECA,2014,69.00263
Europe and Central Asia (WB),WB_ECA,2015,70.34143
Europe and Central Asia (WB),WB_ECA,2016,71.09031
Europe and Central Asia (WB),WB_ECA,2017,71.88848
Europe and Central Asia (WB),WB_ECA,2018,72.38456
Europe and Central Asia (WB),WB_ECA,2019,73.09336
Europe and Central Asia (WB),WB_ECA,2020,74.36824
Europe and Central Asia (WB),WB_ECA,2021,73.11596
Europe and Central Asia (WB),WB_ECA,2022,75.55176
Europe and Central Asia (WB),WB_ECA,2023,75.378
Europe and Northern America (SDG),,1998,67.63605
Europe and Northern America (SDG),,1999,67.56911
Europe and Northern America (SDG),,2000,67.08768
Europe and Northern America (SDG),,2001,68.51352
Europe and Northern America (SDG),,2002,70.03357
Europe and Northern America (SDG),,2003,71.18164
Europe and Northern America (SDG),,2004,70.67454
Europe and Northern America (SDG),,2005,73.1296
Europe and Northern America (SDG),,2006,71.00049
Europe and Northern America (SDG),,2007,71.016
Europe and Northern America (SDG),,2008,71.74282
Europe and Northern America (SDG),,2009,72.07163
Europe and Northern America (SDG),,2010,73.24516
Europe and Northern America (SDG),,2011,74.55212
Europe and Northern America (SDG),,2012,75.83762
Europe and Northern America (SDG),,2013,76.79468
Europe and Northern America (SDG),,2014,77.96738
Europe and Northern America (SDG),,2015,78.6626
Europe and Northern America (SDG),,2016,79.12544
Europe and Northern America (SDG),,2017,79.33176
Europe and Northern America (SDG),,2018,79.41535
Europe and Northern America (SDG),,2019,79.46514
Europe and Northern America (SDG),,2020,79.75381
Europe and Northern America (SDG),,2021,76.13274
Europe and Northern America (SDG),,2022,78.81104
Europe and Northern America (SDG),,2023,78.73496
European Union (27),OWID_EU27,1998,78.25495
European Union (27),OWID_EU27,1999,79.99647
European Union (27),OWID_EU27,2000,80.92828
European Union (27),OWID_EU27,2001,81.73784
European Union (27),OWID_EU27,2002,82.49585
European Union (27),OWID_EU27,2003,83.45515
European Union (27),OWID_EU27,2004,83.90056
European Union (27),OWID_EU27,2005,85.11149
European Union (27),OWID_EU27,2006,85.61892
European Union (27),OWID_EU27,2007,86.48761
European Union (27),OWID_EU27,2008,86.87742
European Union (27),OWID_EU27,2009,87.59648
European Union (27),OWID_EU27,2010,88.21789
European Union (27),OWID_EU27,2011,88.69663
European Union (27),OWID_EU27,2012,89.14839
European Union (27),OWID_EU27,2013,89.75128
European Union (27),OWID_EU27,2014,90.00537
European Union (27),OWID_EU27,2015,90.57916
European Union (27),OWID_EU27,2016,90.96209
European Union (27),OWID_EU27,2017,91.39443
European Union (27),OWID_EU27,2018,91.92643
European Union (27),OWID_EU27,2019,92.3021
European Union (27),OWID_EU27,2020,92.45708
European Union (27),OWID_EU27,2021,91.5835
European Union (27),OWID_EU27,2022,92.20272
European Union (27),OWID_EU27,2023,92.18071
Fiji,FJI,1998,14.26309
Fiji,FJI,2004,13.4798
Fiji,FJI,2006,13.92366
Fiji,FJI,2016,10.621206
Fiji,FJI,2017,28.062956
Fiji,FJI,2018,33.97513
Fiji,FJI,2019,33.991776
Fiji,FJI,2020,32.873566
Fiji,FJI,2021,30.690197
Fiji,FJI,2022,31.586786
Fiji,FJI,2023,36.081684
Finland,FIN,1998,45.32124
Finland,FIN,1999,47.92298
Finland,FIN,2000,49.83197
Finland,FIN,2001,55.14391
Finland,FIN,2002,57.72091
Finland,FIN,2003,58.11041
Finland,FIN,2004,59.57841
Finland,FIN,2005,59.63479
Finland,FIN,2006,60.98322
Finland,FIN,2007,62.5756
Finland,FIN,2008,63.82912
Finland,FIN,2009,65.18613
Finland,FIN,2010,66.36437
Finland,FIN,2011,67.5564
Finland,FIN,2012,68.87533
Finland,FIN,2013,79.86523
Finland,FIN,2014,79.60254
Finland,FIN,2015,79.65421
Finland,FIN,2016,83.75458
Finland,FIN,2017,84.26865
Finland,FIN,2018,86.28099
Finland,FIN,2019,88.68923
Finland,FIN,2020,90.78888
Finland,FIN,2021,90.52987
Finland,FIN,2022,88.99757
Finland,FIN,2023,91.08299
France,FRA,1999,99.34926
France,FRA,2000,96.62033
France,FRA,2001,96.6215
France,FRA,2002,96.32924
France,FRA,2003,96.39225
France,FRA,2004,96.31505
France,FRA,2005,99.36131
France,FRA,2006,99.43915
France,FRA,2007,99.51429
France,FRA,2008,99.48868
France,FRA,2009,99.4539
France,FRA,2010,99.5351
France,FRA,2011,99.5472
France,FRA,2012,99.59507
France,FRA,2013,99.46166
France,FRA,2014,99.00052
France,FRA,2015,99.59865
France,FRA,2016,99.57365
France,FRA,2017,99.59809
France,FRA,2018,99.7161
France,FRA,2019,99.65967
France,FRA,2020,99.57622
France,FRA,2021,99.77756
France,FRA,2022,99.62731
Gabon,GAB,2011,32.44377
Gambia,GMB,2007,17.07109
Gambia,GMB,2010,24.411858
Gambia,GMB,2013,24.86071
Gambia,GMB,2014,28.56474
Gambia,GMB,2015,30.982298
Gambia,GMB,2016,31.292154
Gambia,GMB,2017,31.430912
Gambia,GMB,2018,34.189636
Gambia,GMB,2019,36.981472
Gambia,GMB,2020,37.90924
Gambia,GMB,2021,36.62696
Gambia,GMB,2022,37.12422
Gambia,GMB,2023,38.847195
Gambia,GMB,2024,40.93538
Georgia,GEO,1999,23.43015
Georgia,GEO,2000,24.61861
Georgia,GEO,2001,25.21873
Georgia,GEO,2002,25.46352
Georgia,GEO,2003,34.3793
Georgia,GEO,2004,36.73505
Georgia,GEO,2005,38.15363
Georgia,GEO,2006,38.28119
Georgia,GEO,2007,40.07544
Germany,DEU,2013,95.65671
Germany,DEU,2014,95.65816
Germany,DEU,2015,95.95953
Germany,DEU,2016,94.81209
Germany,DEU,2017,94.54911
Germany,DEU,2018,94.17586
Germany,DEU,2019,93.89045
Germany,DEU,2020,93.57711
Germany,DEU,2021,93.00818
Germany,DEU,2022,93.00174
Germany,DEU,2023,92.13899
Ghana,GHA,2004,34.04562
Ghana,GHA,2005,32.50869
Ghana,GHA,2006,44.73248
Ghana,GHA,2007,51.65283
Ghana,GHA,2008,59.59974
Ghana,GHA,2009,60.35835
Ghana,GHA,2011,67.13583
Ghana,GHA,2012,68.70049
Ghana,GHA,2013,71.87917
Ghana,GHA,2017,70.05401
Ghana,GHA,2018,69.19143
Ghana,GHA,2019,71.24797
Ghana,GHA,2020,71.51658
Ghana,GHA,2021,75.02353
Gibraltar,GIB,2021,96.97175
Gibraltar,GIB,2023,99.72603
Greece,GRC,1998,65.08722
Greece,GRC,1999,66.66433
Greece,GRC,2000,72.5241
Greece,GRC,2001,73.11829
Greece,GRC,2002,66.65119
Greece,GRC,2003,66.20912
Greece,GRC,2004,65.46094
Greece,GRC,2005,66.05918
Greece,GRC,2006,66.63373
Greece,GRC,2007,66.07454
Greece,GRC,2010,74.32957
Greece,GRC,2011,75.99814
Greece,GRC,2012,75.21759
Greece,GRC,2013,74.38745
Greece,GRC,2014,69.69232
Greece,GRC,2016,71.41437
Greece,GRC,2017,72.51813
Greece,GRC,2018,75.21743
Greece,GRC,2019,79.15925
Greece,GRC,2020,83.89048
Greece,GRC,2021,87.68446
Greece,GRC,2022,98.06522
Grenada,GRD,2002,73.58536
Grenada,GRD,2003,81.08332
Grenada,GRD,2004,81.42386
Grenada,GRD,2007,90.81312
Grenada,GRD,2008,92.34387
Grenada,GRD,2009,93.96926
Grenada,GRD,2010,92.59047
Grenada,GRD,2011,94.43818
Grenada,GRD,2013,91.44233
Grenada,GRD,2014,87.85391
Grenada,GRD,2015,80.66988
Grenada,GRD,2016,82.76256
Grenada,GRD,2017,86.17698
Grenada,GRD,2018,90.84755
Grenada,GRD,2020,90.93078
Grenada,GRD,2022,68.31683
Grenada,GRD,2023,77.66372
Guatemala,GTM,1999,31.95789
Guatemala,GTM,2000,36.55686
Guatemala,GTM,2001,40.21293
Guatemala,GTM,2002,40.89444
Guatemala,GTM,2004,44.93623
Guatemala,GTM,2005,47.08238
Guatemala,GTM,2006,48.70203
Guatemala,GTM,2007,49.20728
Guatemala,GTM,2008,50.79002
Guatemala,GTM,2009,60.22642
Guatemala,GTM,2010,58.66597
Guatemala,GTM,2011,51.69701
Guatemala,GTM,2012,48.96312
Guatemala,GTM,2013,42.23885
Guatemala,GTM,2014,43.54084
Guatemala,GTM,2015,44.65544
Guatemala,GTM,2016,43.78075
Guatemala,GTM,2017,47.40298
Guatemala,GTM,2018,49.28916
Guatemala,GTM,2019,47.87058
Guatemala,GTM,2020,46.59814
Guatemala,GTM,2021,48.35248
Guatemala,GTM,2022,50.69509
Guatemala,GTM,2023,51.29938
Guinea,GIN,2004,5.62368
Guinea,GIN,2005,6.14406
Guinea,GIN,2006,6.60347
Guinea,GIN,2007,7.00729
Guinea,GIN,2008,8.31879
Guinea,GIN,2009,7.76424
Guinea,GIN,2010,8.52824
Guinea,GIN,2011,10.81228
Guinea,GIN,2012,12.124578
Guinea,GIN,2013,14.09043
Guinea,GIN,2014,16.40513
Guinea,GIN,2015,10.79306
Guinea,GIN,2016,17.22911
Guinea,GIN,2018,11.577155
Guinea,GIN,2019,10.234511
Guinea,GIN,2020,10.65738
Guinea,GIN,2021,13.247922
Guinea-Bissau,GNB,2000,2.76821
Guinea-Bissau,GNB,2010,4.32246
Guyana,GUY,1999,73.45393
Guyana,GUY,2000,76.74703
Guyana,GUY,2001,74.2787
Guyana,GUY,2003,71.47641
Guyana,GUY,2005,74.51494
Guyana,GUY,2007,72.70516
Guyana,GUY,2008,70.87609
Guyana,GUY,2009,74.48453
Guyana,GUY,2010,73.2626
Guyana,GUY,2011,77.62688
Guyana,GUY,2012,80.43303
Guyana,GUY,2013,75.32018
Guyana,GUY,2014,71.450325
Guyana,GUY,2015,70.08849
Guyana,GUY,2016,69.98623
Guyana,GUY,2018,64.41178
Guyana,GUY,2019,63.630795
Guyana,GUY,2020,63.81836
Guyana,GUY,2021,62.95272
Guyana,GUY,2023,64.64902
High-income countries,OWID_HIC,1998,67.37758
High-income countries,OWID_HIC,1999,67.40445
High-income countries,OWID_HIC,2000,66.97033
High-income countries,OWID_HIC,2001,68.73947
High-income countries,OWID_HIC,2002,69.95094
High-income countries,OWID_HIC,2003,70.05035
High-income countries,OWID_HIC,2004,69.55334
High-income countries,OWID_HIC,2005,71.60389
High-income countries,OWID_HIC,2006,69.83687
High-income countries,OWID_HIC,2007,69.79524
High-income countries,OWID_HIC,2008,70.36656
High-income countries,OWID_HIC,2009,70.64681
High-income countries,OWID_HIC,2010,71.75194
High-income countries,OWID_HIC,2011,73.47263
High-income countries,OWID_HIC,2012,74.75016
High-income countries,OWID_HIC,2013,75.70368
High-income countries,OWID_HIC,2014,76.79376
High-income countries,OWID_HIC,2015,77.52312
High-income countries,OWID_HIC,2016,78.36916
High-income countries,OWID_HIC,2017,78.39634
High-income countries,OWID_HIC,2018,78.31775
High-income countries,OWID_HIC,2019,78.29542
High-income countries,OWID_HIC,2020,78.53642
High-income countries,OWID_HIC,2021,75.14562
High-income countries,OWID_HIC,2022,77.80093
High-income countries,OWID_HIC,2023,77.48341
Honduras,HND,2000,20.39406
Honduras,HND,2003,23.50064
Honduras,HND,2004,24.09571
Honduras,HND,2005,23.5194
Honduras,HND,2006,27.52265
Honduras,HND,2007,27.18605
Honduras,HND,2008,29.98599
Honduras,HND,2009,31.9628
Honduras,HND,2010,33.15427
Honduras,HND,2011,35.66422
Honduras,HND,2012,35.16774
Honduras,HND,2013,34.70507
Honduras,HND,2014,35.52875
Honduras,HND,2015,32.46668
Honduras,HND,2016,34.11732
Honduras,HND,2017,33.94657
Honduras,HND,2018,34.509914
Honduras,HND,2019,33.69834
Honduras,HND,2020,33.3762
Honduras,HND,2021,28.86198
Honduras,HND,2022,28.45821
Honduras,HND,2023,28.55755
Hong Kong,HKG,2002,86.03384
Hong Kong,HKG,2004,78.16271
Hong Kong,HKG,2006,88.66786
Hong Kong,HKG,2007,87.28102
Hong Kong,HKG,2008,85.15216
Hong Kong,HKG,2009,88.08767
Hong Kong,HKG,2010,88.87447
Hong Kong,HKG,2011,88.59828
Hong Kong,HKG,2012,89.48934
Hong Kong,HKG,2013,89.11817
Hong Kong,HKG,2014,88.24021
Hong Kong,HKG,2015,88.97016
Hong Kong,HKG,2016,97.50531
Hong Kong,HKG,2017,97.03953
Hong Kong,HKG,2018,96.85859
Hong Kong,HKG,2019,97.18879
Hong Kong,HKG,2020,97.38803
Hong Kong,HKG,2021,97.10565
Hong Kong,HKG,2022,96.8318
Hong Kong,HKG,2023,95.30863
Hungary,HUN,1998,78.65479
Hungary,HUN,1999,79.17651
Hungary,HUN,2000,82.72763
Hungary,HUN,2001,82.4367
Hungary,HUN,2002,82.75055
Hungary,HUN,2003,83.48695
Hungary,HUN,2004,83.60066
Hungary,HUN,2005,83.65838
Hungary,HUN,2006,83.80851
Hungary,HUN,2007,83.93032
Hungary,HUN,2008,83.41602
Hungary,HUN,2009,83.62609
Hungary,HUN,2010,83.31262
Hungary,HUN,2011,83.80577
Hungary,HUN,2012,83.63273
Hungary,HUN,2013,83.27849
Hungary,HUN,2014,82.66379
Hungary,HUN,2015,81.9971
Hungary,HUN,2016,83.29731
Hungary,HUN,2017,83.84903
Hungary,HUN,2018,84.52215
Hungary,HUN,2019,84.92123
Hungary,HUN,2020,85.16991
Hungary,HUN,2021,82.84082
Hungary,HUN,2022,81.75757
Hungary,HUN,2023,82.95867
Iceland,ISL,1998,87.31581
Iceland,ISL,1999,89.5791
Iceland,ISL,2000,90.08604
Iceland,ISL,2001,91.9023
Iceland,ISL,2002,92.80803
Iceland,ISL,2003,93.95353
Iceland,ISL,2004,94.58973
Iceland,ISL,2005,95.18034
Iceland,ISL,2006,94.9359
Iceland,ISL,2007,95.4509
Iceland,ISL,2008,95.82909
Iceland,ISL,2009,95.05034
Iceland,ISL,2010,95.50426
Iceland,ISL,2011,96.01528
Iceland,ISL,2012,96.7412
Iceland,ISL,2013,96.02865
Iceland,ISL,2014,96.56291
Iceland,ISL,2015,97.1829
Iceland,ISL,2016,96.96795
Iceland,ISL,2017,97.39874
Iceland,ISL,2018,97.03125
Iceland,ISL,2019,96.68286
Iceland,ISL,2020,96.32978
Iceland,ISL,2021,96.59651
Iceland,ISL,2022,96.19595
India,IND,2020,61.256046
India,IND,2021,51.91399
India,IND,2022,40.358513
India,IND,2023,51.13374
India,IND,2024,56.69181
Indonesia,IDN,2006,25.19904
Indonesia,IDN,2007,29.93616
Indonesia,IDN,2009,33.75014
Indonesia,IDN,2010,30.600065
Indonesia,IDN,2012,34.378696
Indonesia,IDN,2013,38.036106
Indonesia,IDN,2014,40.047375
Indonesia,IDN,2016,42.491478
Indonesia,IDN,2017,42.96854
Indonesia,IDN,2018,42.464542
Indonesia,IDN,2019,29.975065
Indonesia,IDN,2020,33.63314
Indonesia,IDN,2021,43.91786
Indonesia,IDN,2022,42.229343
Indonesia,IDN,2023,46.56036
Iran,IRN,2003,34.72745
Iran,IRN,2013,34.80191
Iran,IRN,2014,37.35574
Iran,IRN,2015,46.66022
Iran,IRN,2016,48.85574
Iran,IRN,2019,61.75649
Iran,IRN,2020,59.81149
Iraq,IRQ,1999,4.6192
Iraq,IRQ,2000,4.78752
Iraq,IRQ,2003,3.29987
Iraq,IRQ,2004,5.48923
Iraq,IRQ,2007,6.53154
Ireland,IRL,2012,58.79818
Ireland,IRL,2013,59.45338
Ireland,IRL,2014,59.69502
Ireland,IRL,2015,60.52911
Ireland,IRL,2016,64.54493
Ireland,IRL,2017,82.52034
Ireland,IRL,2018,87.03117
Ireland,IRL,2019,87.85651
Ireland,IRL,2020,87.668
Ireland,IRL,2021,83.57228
Ireland,IRL,2022,81.46758
Israel,ISR,1999,82.05944
Israel,ISR,2000,78.33186
Israel,ISR,2001,83.09789
Israel,ISR,2002,84.74422
Israel,ISR,2003,90.16938
Israel,ISR,2004,83.48657
Israel,ISR,2005,81.37732
Israel,ISR,2006,81.77065
Israel,ISR,2007,87.6592
Israel,ISR,2008,86.66705
Israel,ISR,2009,92.98861
Israel,ISR,2010,86.9079
Israel,ISR,2011,92.43305
Israel,ISR,2012,91.65615
Israel,ISR,2013,99.79297
Israel,ISR,2014,97.70132
Israel,ISR,2015,99.10335
Israel,ISR,2016,99.19358
Israel,ISR,2017,99.31813
Israel,ISR,2018,99.83331
Israel,ISR,2019,99.32795
Israel,ISR,2020,99.52856
Israel,ISR,2021,98.85766
Israel,ISR,2022,99.57135
Italy,ITA,1999,98.88684
Italy,ITA,2000,99.16315
Italy,ITA,2001,99.09459
Italy,ITA,2002,99.09006
Italy,ITA,2003,98.85318
Italy,ITA,2004,96.7696
Italy,ITA,2005,96.52486
Italy,ITA,2006,96.25038
Italy,ITA,2007,95.72542
Italy,ITA,2008,95.13324
Italy,ITA,2009,94.86846
Italy,ITA,2010,93.89176
Italy,ITA,2011,93.67084
Italy,ITA,2012,94.07622
Italy,ITA,2013,93.56463
Italy,ITA,2014,92.97484
Italy,ITA,2015,93.11372
Italy,ITA,2016,93.03779
Italy,ITA,2017,91.98545
Italy,ITA,2018,91.86019
Italy,ITA,2019,92.27638
Italy,ITA,2020,92.15638
Italy,ITA,2021,88.67779
Italy,ITA,2022,90.38272
Italy,ITA,2023,91.18346
Jamaica,JAM,1999,75.71606
Jamaica,JAM,2001,76.54939
Jamaica,JAM,2002,82.66371
Jamaica,JAM,2003,83.2669
Jamaica,JAM,2004,95.86867
Jamaica,JAM,2007,90.53837
Jamaica,JAM,2008,85.41601
Jamaica,JAM,2013,93.78504
Jamaica,JAM,2014,77.44771
Jamaica,JAM,2015,86.49806
Jamaica,JAM,2016,76.74724
Jamaica,JAM,2017,81.17035
Jamaica,JAM,2018,84.22218
Jamaica,JAM,2019,90.11373
Jamaica,JAM,2020,78.6896
Jamaica,JAM,2021,78.11043
Jamaica,JAM,2022,72.80007
Jamaica,JAM,2023,92.63747
Japan,JPN,1998,83.12579
Japan,JPN,1999,83.96671
Japan,JPN,2013,91.14549
Japan,JPN,2014,90.97084
Japan,JPN,2015,90.94554
Japan,JPN,2016,91.73719
Japan,JPN,2017,91.41537
Japan,JPN,2018,91.84041
Japan,JPN,2019,94.00679
Japan,JPN,2020,94.93437
Japan,JPN,2021,94.62301
Japan,JPN,2022,95.23119
Jordan,JOR,1999,21.58969
Jordan,JOR,2000,23.02761
Jordan,JOR,2002,29.69381
Jordan,JOR,2003,29.20362
Jordan,JOR,2004,29.75826
Jordan,JOR,2005,30.90694
Jordan,JOR,2006,31.72218
Jordan,JOR,2008,32.92344
Jordan,JOR,2010,33.00476
Jordan,JOR,2011,34.12169
Jordan,JOR,2012,35.94713
Jordan,JOR,2017,35.06874
Jordan,JOR,2018,37.04135
Jordan,JOR,2019,38.27647
Jordan,JOR,2020,40.75032
Jordan,JOR,2021,33.33604
Jordan,JOR,2022,37.23871
Jordan,JOR,2023,39.42817
Kazakhstan,KAZ,2001,22.21349
Kazakhstan,KAZ,2002,24.59628
Kazakhstan,KAZ,2003,27.40883
Kazakhstan,KAZ,2004,27.72506
Kazakhstan,KAZ,2005,29.56727
Kazakhstan,KAZ,2006,30.6207
Kazakhstan,KAZ,2007,32.5817
Kazakhstan,KAZ,2008,33.32747
Kazakhstan,KAZ,2009,33.29377
Kazakhstan,KAZ,2011,40.970177
Kazakhstan,KAZ,2012,45.98866
Kazakhstan,KAZ,2013,50.64093
Kazakhstan,KAZ,2014,52.447414
Kazakhstan,KAZ,2015,57.49858
Kazakhstan,KAZ,2016,58.64144
Kazakhstan,KAZ,2017,54.738552
Kazakhstan,KAZ,2018,58.594013
Kazakhstan,KAZ,2019,62.054558
Kazakhstan,KAZ,2020,70.66595
Kazakhstan,KAZ,2021,68.11998
Kazakhstan,KAZ,2022,67.983734
Kazakhstan,KAZ,2023,70.87099
Kazakhstan,KAZ,2024,70.58186
Kenya,KEN,2001,28.37487
Kenya,KEN,2002,28.07751
Kenya,KEN,2003,27.51415
Kenya,KEN,2004,27.18028
Kenya,KEN,2005,26.71381
Kenya,KEN,2006,26.24403
Kenya,KEN,2007,25.77279
Kenya,KEN,2008,25.53112
Kenya,KEN,2009,27.98718
Kiribati,KIR,2020,96.74499
Kiribati,KIR,2023,91.79417
Kuwait,KWT,1999,59.02418
Kuwait,KWT,2000,61.5817
Kuwait,KWT,2001,65.04646
Kuwait,KWT,2002,66.38774
Kuwait,KWT,2003,66.48719
Kuwait,KWT,2004,65.94602
Kuwait,KWT,2005,65.60358
Kuwait,KWT,2006,67.01365
Kuwait,KWT,2007,70.73675
Kuwait,KWT,2008,72.29221
Kuwait,KWT,2010,65.79431
Kuwait,KWT,2011,65.87444
Kuwait,KWT,2012,65.93001
Kuwait,KWT,2013,62.34686
Kuwait,KWT,2014,57.71665
Kuwait,KWT,2016,54.0698
Kuwait,KWT,2017,51.82192
Kuwait,KWT,2018,50.34831
Kuwait,KWT,2019,47.54828
Kuwait,KWT,2020,47.3675
Kuwait,KWT,2021,30.61979
Kyrgyzstan,KGZ,1999,6.47675
Kyrgyzstan,KGZ,2000,6.79806
Kyrgyzstan,KGZ,2001,7.19256
Kyrgyzstan,KGZ,2002,7.60406
Kyrgyzstan,KGZ,2003,7.88784
Kyrgyzstan,KGZ,2004,8.43536
Kyrgyzstan,KGZ,2005,9.94238
Kyrgyzstan,KGZ,2006,10.88317
Kyrgyzstan,KGZ,2007,12.29582
Kyrgyzstan,KGZ,2008,13.32225
Kyrgyzstan,KGZ,2009,14.28487
Kyrgyzstan,KGZ,2010,14.432799
Kyrgyzstan,KGZ,2011,15.512422
Kyrgyzstan,KGZ,2012,19.190716
Kyrgyzstan,KGZ,2013,21.05569
Kyrgyzstan,KGZ,2014,22.548548
Kyrgyzstan,KGZ,2015,24.714897
Kyrgyzstan,KGZ,2016,27.150196
Kyrgyzstan,KGZ,2017,35.73929
Kyrgyzstan,KGZ,2018,38.65466
Kyrgyzstan,KGZ,2019,40.445553
Kyrgyzstan,KGZ,2020,41.873184
Kyrgyzstan,KGZ,2021,38.97431
Kyrgyzstan,KGZ,2022,38.545536
Kyrgyzstan,KGZ,2023,43.879505
Kyrgyzstan,KGZ,2024,41.499344
Laos,LAO,1999,6.95127
Laos,LAO,2000,7.13784
Laos,LAO,2001,7.01075
Laos,LAO,2002,6.96683
Laos,LAO,2003,7.47256
Laos,LAO,2004,7.99143
Laos,LAO,2005,8.82531
Laos,LAO,2006,9.721
Laos,LAO,2007,10.76942
Laos,LAO,2008,13.96984
Laos,LAO,2009,17.46493
Laos,LAO,2010,19.60973
Laos,LAO,2011,21.233067
Laos,LAO,2012,24.373833
Laos,LAO,2013,28.331654
Laos,LAO,2014,32.504734
Laos,LAO,2015,35.76438
Laos,LAO,2016,40.60697
Laos,LAO,2018,46.794235
Laos,LAO,2019,47.59619
Laos,LAO,2020,47.929928
Laos,LAO,2021,47.709568
Laos,LAO,2022,43.501305
Laos,LAO,2023,36.79577
Laos,LAO,2024,37.34001
Latin America and Caribbean (WB),WB_LAC,1998,47.78849
Latin America and Caribbean (WB),WB_LAC,1999,49.52468
Latin America and Caribbean (WB),WB_LAC,2000,51.28652
Latin America and Caribbean (WB),WB_LAC,2001,52.28323
Latin America and Caribbean (WB),WB_LAC,2002,53.11454
Latin America and Caribbean (WB),WB_LAC,2003,54.28549
Latin America and Caribbean (WB),WB_LAC,2004,55.84627
Latin America and Caribbean (WB),WB_LAC,2005,58.32017
Latin America and Caribbean (WB),WB_LAC,2006,60.8794
Latin America and Caribbean (WB),WB_LAC,2007,62.20104
Latin America and Caribbean (WB),WB_LAC,2008,63.66762
Latin America and Caribbean (WB),WB_LAC,2009,65.35587
Latin America and Caribbean (WB),WB_LAC,2010,66.11664
Latin America and Caribbean (WB),WB_LAC,2011,66.5206
Latin America and Caribbean (WB),WB_LAC,2012,67.68967
Latin America and Caribbean (WB),WB_LAC,2013,66.56716
Latin America and Caribbean (WB),WB_LAC,2014,68.23196
Latin America and Caribbean (WB),WB_LAC,2015,69.33357
Latin America and Caribbean (WB),WB_LAC,2016,70.6528
Latin America and Caribbean (WB),WB_LAC,2017,71.37183
Latin America and Caribbean (WB),WB_LAC,2018,72.24239
Latin America and Caribbean (WB),WB_LAC,2019,74.33622
Latin America and Caribbean (WB),WB_LAC,2020,73.11534
Latin America and Caribbean (WB),WB_LAC,2021,69.3803
Latin America and Caribbean (WB),WB_LAC,2022,70.88845
Latin America and Caribbean (WB),WB_LAC,2023,70.91223
Latin America and the Caribbean (SDG),,1998,47.78903
Latin America and the Caribbean (SDG),,1999,49.52532
Latin America and the Caribbean (SDG),,2000,51.28716
Latin America and the Caribbean (SDG),,2001,52.28391
Latin America and the Caribbean (SDG),,2002,53.11515
Latin America and the Caribbean (SDG),,2003,54.28607
Latin America and the Caribbean (SDG),,2004,55.84705
Latin America and the Caribbean (SDG),,2005,58.3209
Latin America and the Caribbean (SDG),,2006,60.88007
Latin America and the Caribbean (SDG),,2007,62.20152
Latin America and the Caribbean (SDG),,2008,63.66822
Latin America and the Caribbean (SDG),,2009,65.35647
Latin America and the Caribbean (SDG),,2010,66.1172
Latin America and the Caribbean (SDG),,2011,66.52111
Latin America and the Caribbean (SDG),,2012,67.69015
Latin America and the Caribbean (SDG),,2013,66.5676
Latin America and the Caribbean (SDG),,2014,68.23238
Latin America and the Caribbean (SDG),,2015,69.33398
Latin America and the Caribbean (SDG),,2016,70.65318
Latin America and the Caribbean (SDG),,2017,71.37227
Latin America and the Caribbean (SDG),,2018,72.24278
Latin America and the Caribbean (SDG),,2019,74.33657
Latin America and the Caribbean (SDG),,2020,73.11565
Latin America and the Caribbean (SDG),,2021,69.38061
Latin America and the Caribbean (SDG),,2022,70.88868
Latin America and the Caribbean (SDG),,2023,70.91244
Latvia,LVA,1999,56.65099
Latvia,LVA,2000,62.04524
Latvia,LVA,2001,63.57045
Latvia,LVA,2002,65.61683
Latvia,LVA,2003,77.80475
Latvia,LVA,2004,78.51132
Latvia,LVA,2005,80.67563
Latvia,LVA,2006,81.57755
Latvia,LVA,2007,82.86618
Latvia,LVA,2008,84.4751
Latvia,LVA,2009,85.49156
Latvia,LVA,2010,84.32076
Latvia,LVA,2011,87.34067
Latvia,LVA,2012,88.54042
Latvia,LVA,2013,90.24579
Latvia,LVA,2014,91.38881
Latvia,LVA,2015,91.84811
Latvia,LVA,2016,92.67481
Latvia,LVA,2017,93.47518
Latvia,LVA,2018,93.06872
Latvia,LVA,2019,93.01634
Latvia,LVA,2020,92.94172
Latvia,LVA,2021,93.45187
Latvia,LVA,2022,94.63076
Latvia,LVA,2023,94.6931
Lebanon,LBN,1999,50.11491
Lebanon,LBN,2000,54.16543
Lebanon,LBN,2001,57.09411
Lebanon,LBN,2002,55.77543
Lebanon,LBN,2003,55.19086
Lebanon,LBN,2004,55.45098
Lebanon,LBN,2005,53.77606
Lebanon,LBN,2006,52.9282
Lebanon,LBN,2007,53.65668
Lebanon,LBN,2008,53.6487
Lebanon,LBN,2009,55.40855
Lebanon,LBN,2010,56.79292
Lebanon,LBN,2011,57.71571
Lebanon,LBN,2012,59.51962
Lebanon,LBN,2013,62.19941
Lebanon,LBN,2014,60.03722
Lebanon,LBN,2015,54.28654
Lebanon,LBN,2016,61.34795
Lebanon,LBN,2017,61.455
Lebanon,LBN,2018,59.6698
Lebanon,LBN,2019,59.46481
Lebanon,LBN,2020,61.75961
Lebanon,LBN,2021,57.49865
Lebanon,LBN,2022,65.05157
Lebanon,LBN,2023,71.55853
Lesotho,LSO,2005,25.25376
Lesotho,LSO,2013,25.069267
Lesotho,LSO,2014,21.471113
Lesotho,LSO,2015,23.853796
Lesotho,LSO,2016,23.073055
Lesotho,LSO,2017,22.569887
Lesotho,LSO,2018,21.479294
Lesotho,LSO,2019,20.609152
Lesotho,LSO,2020,20.582472
Liberia,LBR,2000,50.30529
Liberia,LBR,2011,56.601418
Liberia,LBR,2014,54.34716
Liberia,LBR,2015,54.509865
Liberia,LBR,2016,62.512985
Liberia,LBR,2017,54.8581
Liberia,LBR,2020,45.05154
Libya,LBY,2006,7.88555
Liechtenstein,LIE,2003,74.5283
Liechtenstein,LIE,2004,73.80383
Liechtenstein,LIE,2005,77.61524
Liechtenstein,LIE,2006,72.25551
Liechtenstein,LIE,2007,73.61111
Liechtenstein,LIE,2008,72.9765
Liechtenstein,LIE,2009,68.49463
Liechtenstein,LIE,2010,74.2025
Liechtenstein,LIE,2011,70.47244
Liechtenstein,LIE,2012,71.67553
Liechtenstein,LIE,2014,73.74236
Liechtenstein,LIE,2015,78.2327
Liechtenstein,LIE,2016,74.15966
Liechtenstein,LIE,2017,77.2
Liechtenstein,LIE,2018,74.78409
Liechtenstein,LIE,2019,75.91817
Liechtenstein,LIE,2020,79.60526
Liechtenstein,LIE,2021,76.32305
Lithuania,LTU,1999,50.05838
Lithuania,LTU,2000,54.04805
Lithuania,LTU,2001,54.24662
Lithuania,LTU,2002,56.61245
Lithuania,LTU,2013,81.87191
Lithuania,LTU,2014,86.33497
Lithuania,LTU,2015,87.46488
Lithuania,LTU,2016,87.31466
Lithuania,LTU,2017,87.05742
Lithuania,LTU,2018,88.96864
Lithuania,LTU,2019,91.55618
Lithuania,LTU,2020,92.14933
Lithuania,LTU,2021,93.10759
Lithuania,LTU,2022,94.69545
Low-income countries,OWID_LIC,2000,6.73188
Low-income countries,OWID_LIC,2001,6.74691
Low-income countries,OWID_LIC,2002,6.94527
Low-income countries,OWID_LIC,2003,7.2591
Low-income countries,OWID_LIC,2004,7.45862
Low-income countries,OWID_LIC,2005,7.69369
Low-income countries,OWID_LIC,2006,7.95436
Low-income countries,OWID_LIC,2007,8.11683
Low-income countries,OWID_LIC,2008,8.69225
Low-income countries,OWID_LIC,2009,9.48312
Low-income countries,OWID_LIC,2010,9.40037
Low-income countries,OWID_LIC,2011,9.65763
Low-income countries,OWID_LIC,2012,11.75819
Low-income countries,OWID_LIC,2013,12.60573
Low-income countries,OWID_LIC,2014,13.46913
Low-income countries,OWID_LIC,2015,14.73548
Low-income countries,OWID_LIC,2016,14.17861
Low-income countries,OWID_LIC,2017,13.62175
Low-income countries,OWID_LIC,2018,12.64879
Low-income countries,OWID_LIC,2019,15.2363
Low-income countries,OWID_LIC,2020,17.74644
Low-income countries,OWID_LIC,2021,17.39134
Low-income countries,OWID_LIC,2022,17.57411
Lower-middle-income countries,OWID_LMC,2003,21.51575
Lower-middle-income countries,OWID_LMC,2004,23.7145
Lower-middle-income countries,OWID_LMC,2005,25.95501
Lower-middle-income countries,OWID_LMC,2006,28.81467
Lower-middle-income countries,OWID_LMC,2007,30.70245
Lower-middle-income countries,OWID_LMC,2008,32.49326
Lower-middle-income countries,OWID_LMC,2009,34.18512
Lower-middle-income countries,OWID_LMC,2010,36.44287
Lower-middle-income countries,OWID_LMC,2011,39.43935
Lower-middle-income countries,OWID_LMC,2012,41.6421
Lower-middle-income countries,OWID_LMC,2013,44.21627
Lower-middle-income countries,OWID_LMC,2014,43.87299
Lower-middle-income countries,OWID_LMC,2015,45.93595
Lower-middle-income countries,OWID_LMC,2016,47.83575
Lower-middle-income countries,OWID_LMC,2017,50.15697
Lower-middle-income countries,OWID_LMC,2018,50.29627
Lower-middle-income countries,OWID_LMC,2019,51.04768
Lower-middle-income countries,OWID_LMC,2020,50.33962
Lower-middle-income countries,OWID_LMC,2021,44.98245
Lower-middle-income countries,OWID_LMC,2022,39.63149
Lower-middle-income countries,OWID_LMC,2023,44.70175
Luxembourg,LUX,1999,68.38535
Luxembourg,LUX,2000,74.43982
Luxembourg,LUX,2001,77.86975
Luxembourg,LUX,2002,82.59507
Luxembourg,LUX,2005,83.12762
Luxembourg,LUX,2006,84.4104
Luxembourg,LUX,2007,84.26339
Luxembourg,LUX,2008,84.54891
Luxembourg,LUX,2010,85.68903
Luxembourg,LUX,2011,86.02456
Luxembourg,LUX,2012,87.82569
Luxembourg,LUX,2013,88.18106
Luxembourg,LUX,2014,86.48852
Luxembourg,LUX,2015,84.65406
Luxembourg,LUX,2016,83.71027
Luxembourg,LUX,2017,85.71799
Luxembourg,LUX,2018,85.45253
Luxembourg,LUX,2019,86.52352
Luxembourg,LUX,2020,87.55318
Luxembourg,LUX,2021,87.11094
Luxembourg,LUX,2022,88.77611
Macao,MAC,1999,84.54781
Macao,MAC,2000,83.88154
Macao,MAC,2001,82.06512
Macao,MAC,2002,84.12359
Macao,MAC,2003,85.6672
Macao,MAC,2004,89.74234
Macao,MAC,2005,89.91397
Macao,MAC,2006,88.57277
Macao,MAC,2007,85.42866
Macao,MAC,2008,90.04239
Macao,MAC,2009,90.79975
Macao,MAC,2010,90.24831
Macao,MAC,2011,89.14329
Macao,MAC,2012,89.66939
Macao,MAC,2013,94.40152
Macao,MAC,2014,98.74361
Macao,MAC,2015,98.72571
Macao,MAC,2016,95.52023
Macao,MAC,2017,90.76166
Macao,MAC,2018,88.7
Macao,MAC,2019,86.88626
Macao,MAC,2020,87.18807
Macao,MAC,2021,84.13182
Macao,MAC,2022,82.06481
Macao,MAC,2023,85.01531
Madagascar,MDG,2000,2.56616
Madagascar,MDG,2001,2.64435
Madagascar,MDG,2005,6.9852
Madagascar,MDG,2006,7.10449
Madagascar,MDG,2007,7.20239
Madagascar,MDG,2009,8.37288
Madagascar,MDG,2010,7.3938823
Madagascar,MDG,2011,9.004924
Madagascar,MDG,2012,10.212129
Madagascar,MDG,2013,10.091555
Madagascar,MDG,2014,11.66091
Madagascar,MDG,2016,24.28842
Madagascar,MDG,2017,32.771057
Madagascar,MDG,2018,35.063927
Madagascar,MDG,2019,34.798405
Madagascar,MDG,2020,34.715107
Madagascar,MDG,2021,38.74455
Madagascar,MDG,2022,35.870956
Madagascar,MDG,2023,36.02675
Madagascar,MDG,2024,37.413486
Malaysia,MYS,1998,53.7462
Malaysia,MYS,1999,49.68577
Malaysia,MYS,2000,50.59096
Malaysia,MYS,2002,52.29044
Malaysia,MYS,2003,56.21222
Malaysia,MYS,2004,56.84569
Malaysia,MYS,2005,58.53063
Malaysia,MYS,2006,57.31654
Malaysia,MYS,2007,61.30384
Malaysia,MYS,2008,64.1543
Malaysia,MYS,2009,64.84968
Malaysia,MYS,2010,65.99247
Malaysia,MYS,2016,77.595215
Malaysia,MYS,2017,80.14257
Malaysia,MYS,2018,78.235115
Malaysia,MYS,2019,77.62551
Malaysia,MYS,2020,75.13817
Malaysia,MYS,2021,70.6512
Malaysia,MYS,2022,71.55787
Malaysia,MYS,2023,78.03577
Maldives,MDV,1999,49.80137
Maldives,MDV,2000,57.76426
Maldives,MDV,2001,58.20377
Maldives,MDV,2002,61.77533
Maldives,MDV,2005,66.96107
Maldives,MDV,2006,71.69924
Maldives,MDV,2007,71.45467
Maldives,MDV,2008,78.11949
Maldives,MDV,2009,77.73554
Maldives,MDV,2010,82.33603
Maldives,MDV,2011,78.69105
Maldives,MDV,2012,91.92376
Maldives,MDV,2013,91.226006
Maldives,MDV,2014,88.531685
Maldives,MDV,2015,94.73026
Maldives,MDV,2016,95.66463
Maldives,MDV,2017,91.289444
Maldives,MDV,2018,89.7819
Maldives,MDV,2019,88.097176
Maldives,MDV,2022,66.51307
Maldives,MDV,2023,77.461754
Mali,MLI,2008,2.80524
Mali,MLI,2010,2.80207
Mali,MLI,2011,2.98523
Mali,MLI,2013,3.26264
Mali,MLI,2014,3.4744
Mali,MLI,2015,3.41769
Mali,MLI,2016,3.75928
Mali,MLI,2017,4.27297
Mali,MLI,2018,4.32119
Mali,MLI,2023,5.16355
Malta,MLT,2011,99.96448
Malta,MLT,2012,99.74498
Malta,MLT,2013,99.41698
Malta,MLT,2014,95.54425
Malta,MLT,2015,97.12885
Malta,MLT,2016,96.06565
Malta,MLT,2017,95.19297
Malta,MLT,2018,96.0378
Malta,MLT,2019,94.80676
Malta,MLT,2020,93.15861
Malta,MLT,2021,91.13883
Malta,MLT,2022,92.81647
Malta,MLT,2023,93.18902
Marshall Islands,MHL,2002,49.56032
Marshall Islands,MHL,2015,37.18331
Marshall Islands,MHL,2016,39.22261
Marshall Islands,MHL,2019,89.84622
Marshall Islands,MHL,2020,80.62433
Marshall Islands,MHL,2021,80.35516
Marshall Islands,MHL,2022,79.91071
Mauritius,MUS,1998,68.27198
Mauritius,MUS,1999,76.46948
Mauritius,MUS,2000,73.86366
Mauritius,MUS,2001,73.67708
Mauritius,MUS,2002,77.17317
Mauritius,MUS,2003,81.49605
Mauritius,MUS,2004,83.72039
Mauritius,MUS,2005,84.02669
Mauritius,MUS,2006,84.42765
Mauritius,MUS,2007,85.22479
Mauritius,MUS,2008,85.29755
Mauritius,MUS,2009,88.25409
Mauritius,MUS,2010,88.45544
Mauritius,MUS,2011,90.50009
Mauritius,MUS,2012,94.03995
Mauritius,MUS,2013,92.00386
Mauritius,MUS,2014,90.33108
Mauritius,MUS,2015,92.11819
Mauritius,MUS,2016,89.36229
Mauritius,MUS,2017,87.50309
Mauritius,MUS,2018,83.44322
Mauritius,MUS,2019,88.26261
Mauritius,MUS,2020,87.98566
Mauritius,MUS,2021,85.47092
Mauritius,MUS,2023,81.53894
Mexico,MEX,1999,66.0227
Mexico,MEX,2000,66.28068
Mexico,MEX,2001,66.82224
Mexico,MEX,2002,66.79943
Mexico,MEX,2003,70.16405
Mexico,MEX,2004,72.46914
Mexico,MEX,2005,78.88081
Mexico,MEX,2006,87.02267
Mexico,MEX,2007,90.3548
Mexico,MEX,2008,89.5187
Mexico,MEX,2009,86.03329
Mexico,MEX,2010,85.15325
Mexico,MEX,2011,84.47696
Mexico,MEX,2012,84.99578
Mexico,MEX,2013,70.71786
Mexico,MEX,2014,71.24236
Mexico,MEX,2015,71.70463
Mexico,MEX,2016,71.95315
Mexico,MEX,2017,72.6529
Mexico,MEX,2018,71.79756
Mexico,MEX,2019,70.35839
Mexico,MEX,2020,69.8732
Mexico,MEX,2021,64.30497
Mexico,MEX,2022,62.17723
Micronesia (country),FSM,2016,25.625586
Micronesia (country),FSM,2017,26.36142
Micronesia (country),FSM,2018,26.909935
Micronesia (country),FSM,2019,24.982803
Micronesia (country),FSM,2020,21.070095
Micronesia (country),FSM,2021,21.95291
Micronesia (country),FSM,2022,20.524563
Micronesia (country),FSM,2023,19.21367
Micronesia (country),FSM,2024,21.737318
Middle East and North Africa (WB),,1998,13.5652
Middle East and North Africa (WB),,1999,13.45047
Middle East and North Africa (WB),,2000,14.66507
Middle East and North Africa (WB),,2001,15.49423
Middle East and North Africa (WB),,2002,16.20288
Middle East and North Africa (WB),,2003,16.81574
Middle East and North Africa (WB),,2004,17.38214
Middle East and North Africa (WB),,2005,18.4324
Middle East and North Africa (WB),,2006,20.32102
Middle East and North Africa (WB),,2007,20.67149
Middle East and North Africa (WB),,2008,21.72561
Middle East and North Africa (WB),,2009,23.17512
Middle East and North Africa (WB),,2010,23.70362
Middle East and North Africa (WB),,2011,23.83823
Middle East and North Africa (WB),,2012,23.61175
Middle East and North Africa (WB),,2013,23.23484
Middle East and North Africa (WB),,2014,25.42942
Middle East and North Africa (WB),,2015,26.2372
Middle East and North Africa (WB),,2016,26.24019
Middle East and North Africa (WB),,2017,26.85913
Middle East and North Africa (WB),,2018,27.32108
Middle East and North Africa (WB),,2019,28.65936
Middle East and North Africa (WB),,2020,29.75682
Middle East and North Africa (WB),,2021,27.57381
Middle East and North Africa (WB),,2022,28.55777
Middle East and North Africa (WB),,2023,29.24914
Middle-income countries,,2004,31.36399
Middle-income countries,,2005,33.13599
Middle-income countries,,2006,35.64135
Middle-income countries,,2007,37.67419
Middle-income countries,,2008,39.30607
Middle-income countries,,2009,40.97231
Middle-income countries,,2010,42.72468
Middle-income countries,,2011,45.54316
Middle-income countries,,2012,48.38186
Middle-income countries,,2013,50.77361
Middle-income countries,,2014,51.43579
Middle-income countries,,2015,53.35564
Middle-income countries,,2016,55.38529
Middle-income countries,,2017,57.27611
Middle-income countries,,2018,57.99432
Middle-income countries,,2019,59.14212
Middle-income countries,,2020,58.96266
Middle-income countries,,2021,55.6778
Middle-income countries,,2022,53.51747
Middle-income countries,,2023,56.49021
Moldova,MDA,2013,80.61743
Moldova,MDA,2014,86.11812
Moldova,MDA,2015,88.86906
Moldova,MDA,2016,91.23416
Moldova,MDA,2017,93.20497
Moldova,MDA,2018,92.48405
Moldova,MDA,2019,92.46846
Moldova,MDA,2020,92.76554
Monaco,MCO,2024,85.29148
Mongolia,MNG,2007,57.14231
Mongolia,MNG,2008,58.8036
Mongolia,MNG,2009,64.57404
Mongolia,MNG,2010,69.451004
Mongolia,MNG,2011,72.93185
Mongolia,MNG,2012,70.25943
Mongolia,MNG,2013,69.59327
Mongolia,MNG,2014,71.16542
Mongolia,MNG,2015,71.80449
Mongolia,MNG,2016,74.65517
Mongolia,MNG,2017,78.18223
Mongolia,MNG,2018,78.08629
Mongolia,MNG,2019,77.43717
Mongolia,MNG,2020,77.353806
Mongolia,MNG,2021,76.36391
Mongolia,MNG,2022,75.99229
Mongolia,MNG,2023,84.97735
Montenegro,MNE,2001,29.5146
Montenegro,MNE,2002,32.67928
Montenegro,MNE,2003,31.302
Montenegro,MNE,2004,28.98871
Montenegro,MNE,2005,29.32322
Montenegro,MNE,2006,29.44958
Montenegro,MNE,2007,27.16408
Montenegro,MNE,2008,29.15612
Montenegro,MNE,2009,31.92426
Montenegro,MNE,2010,33.70256
Montenegro,MNE,2015,55.10941
Montenegro,MNE,2016,57.14998
Montenegro,MNE,2017,63.45666
Montenegro,MNE,2018,67.95283
Montenegro,MNE,2019,69.77652
Montenegro,MNE,2020,73.78186
Montenegro,MNE,2021,69.53005
Montenegro,MNE,2023,78.06374
Montserrat,MSR,1999,72.66187
Montserrat,MSR,2000,87.30159
Montserrat,MSR,2002,64.46281
Montserrat,MSR,2004,75.30178
Montserrat,MSR,2015,80.55556
Montserrat,MSR,2016,81.818184
Montserrat,MSR,2018,85.71429
Montserrat,MSR,2019,77.0115
Montserrat,MSR,2020,78.947365
Morocco,MAR,1999,45.62446
Morocco,MAR,2000,51.09182
Morocco,MAR,2002,51.95127
Morocco,MAR,2003,48.63632
Morocco,MAR,2004,47.9414
Morocco,MAR,2005,49.42377
Morocco,MAR,2006,50.49592
Morocco,MAR,2007,51.85526
Morocco,MAR,2008,50.26856
Morocco,MAR,2010,49.5251
Morocco,MAR,2012,47.62611
Morocco,MAR,2013,46.86216
Morocco,MAR,2014,50.2352
Morocco,MAR,2015,47.91665
Morocco,MAR,2016,42.97592
Morocco,MAR,2017,48.87037
Morocco,MAR,2018,48.07925
Morocco,MAR,2019,57.10413
Morocco,MAR,2020,63.27227
Morocco,MAR,2021,58.74518
Morocco,MAR,2022,64.21268
Morocco,MAR,2023,68.06423
Myanmar,MMR,2006,4.82998
Myanmar,MMR,2007,5.14467
Myanmar,MMR,2008,5.97716
Myanmar,MMR,2009,6.56592
Myanmar,MMR,2010,8.80298
Myanmar,MMR,2017,10.09764
Myanmar,MMR,2018,8.35159
Namibia,NAM,2012,16.36304
Namibia,NAM,2013,22.05866
Namibia,NAM,2015,27.07802
Namibia,NAM,2016,31.780718
Namibia,NAM,2017,31.401983
Namibia,NAM,2018,32.453743
Namibia,NAM,2019,33.410915
Namibia,NAM,2020,31.639053
Namibia,NAM,2021,32.470417
Namibia,NAM,2022,32.766315
Nauru,NRU,2007,61.7689
Nauru,NRU,2012,61.36364
Nauru,NRU,2015,66.56473
Nauru,NRU,2016,50.91093
Nauru,NRU,2019,27.45946
Nauru,NRU,2020,42.55663
Nepal,NPL,2011,54.94391
Nepal,NPL,2012,59.37469
Nepal,NPL,2013,60.73524
Nepal,NPL,2014,55.16896
Nepal,NPL,2015,58.16866
Nepal,NPL,2016,56.53201
Nepal,NPL,2017,56.2946
Nepal,NPL,2020,64.47461
Nepal,NPL,2021,56.22372
Nepal,NPL,2022,49.34008
Nepal,NPL,2023,61.82967
Nepal,NPL,2024,62.30798
Netherlands,NLD,2011,95.31801
Netherlands,NLD,2012,94.14295
Netherlands,NLD,2013,94.06307
Netherlands,NLD,2014,91.97526
Netherlands,NLD,2015,92.75465
Netherlands,NLD,2016,93.94478
Netherlands,NLD,2017,94.49808
Netherlands,NLD,2018,89.36051
Netherlands,NLD,2019,90.53504
Netherlands,NLD,2020,91.65432
Netherlands,NLD,2021,92.97102
Netherlands,NLD,2022,92.00958
New Zealand,NZL,2014,89.62141
New Zealand,NZL,2015,91.82735
New Zealand,NZL,2016,90.31359
New Zealand,NZL,2017,92.66263
New Zealand,NZL,2018,90.39396
New Zealand,NZL,2019,86.25391
New Zealand,NZL,2020,84.11371
New Zealand,NZL,2021,84.5445
New Zealand,NZL,2022,78.53242
New Zealand,NZL,2023,82.29255
Nicaragua,NIC,1999,28.9842
Nicaragua,NIC,2000,30.35188
Nicaragua,NIC,2001,30.12908
Nicaragua,NIC,2002,32.98797
Nicaragua,NIC,2004,37.76002
Nicaragua,NIC,2005,40.87117
Nicaragua,NIC,2006,54.14878
Nicaragua,NIC,2007,55.65641
Nicaragua,NIC,2008,57.08646
Nicaragua,NIC,2010,55.3544
Nicaragua,NIC,2023,66.24673
Niger,NER,1999,0.96266
Niger,NER,2000,0.82797
Niger,NER,2001,0.93802
Niger,NER,2002,1.12233
Niger,NER,2003,1.18062
Niger,NER,2004,1.13455
Niger,NER,2005,0.91802
Niger,NER,2006,1.37121
Niger,NER,2007,1.5764
Niger,NER,2010,3.0753
Niger,NER,2011,4.30555
Niger,NER,2012,4.76705
Niger,NER,2013,6.00143
Niger,NER,2016,7.52943
Niger,NER,2017,7.68085
Niger,NER,2018,7.95351
Niger,NER,2019,6.35066
Niger,NER,2021,6.94624
Niger,NER,2022,6.91712
Niger,NER,2023,6.94584
Niue,NIU,2016,96.875
North America (WB),WB_NA,1999,58.64985
North America (WB),WB_NA,2000,56.42569
North America (WB),WB_NA,2001,58.8497
North America (WB),WB_NA,2002,61.2811
North America (WB),WB_NA,2003,60.07696
North America (WB),WB_NA,2004,58.8736
North America (WB),WB_NA,2005,63.24359
North America (WB),WB_NA,2006,56.44447
North America (WB),WB_NA,2007,55.72353
North America (WB),WB_NA,2008,54.99714
North America (WB),WB_NA,2009,54.41147
North America (WB),WB_NA,2010,56.5084
North America (WB),WB_NA,2011,58.59587
North America (WB),WB_NA,2012,60.66627
North America (WB),WB_NA,2013,62.71998
North America (WB),WB_NA,2014,63.20768
North America (WB),WB_NA,2015,63.0191
North America (WB),WB_NA,2016,62.61945
North America (WB),WB_NA,2017,62.87955
North America (WB),WB_NA,2018,62.72157
North America (WB),WB_NA,2019,62.19815
North America (WB),WB_NA,2020,62.64293
North America (WB),WB_NA,2021,52.74835
North America (WB),WB_NA,2022,59.62834
North America (WB),WB_NA,2023,59.65873
North Macedonia,MKD,1999,24.5613
North Macedonia,MKD,2000,26.56631
North Macedonia,MKD,2001,27.46506
North Macedonia,MKD,2002,27.06876
North Macedonia,MKD,2003,30.0515
North Macedonia,MKD,2004,30.59144
North Macedonia,MKD,2005,31.55777
North Macedonia,MKD,2006,34.76094
North Macedonia,MKD,2007,37.18611
North Macedonia,MKD,2008,21.83998
North Macedonia,MKD,2009,23.27855
North Macedonia,MKD,2010,24.55338
North Macedonia,MKD,2011,24.6486
North Macedonia,MKD,2012,26.00817
North Macedonia,MKD,2013,27.22557
North Macedonia,MKD,2014,28.44301
North Macedonia,MKD,2015,29.40546
North Macedonia,MKD,2017,35.14882
North Macedonia,MKD,2018,38.51633
North Macedonia,MKD,2019,40.89356
North Macedonia,MKD,2020,29.16044
North Macedonia,MKD,2021,34.49304
North Macedonia,MKD,2022,40.93861
Northern Africa and Western Asia (SDG),,1998,13.13324
Northern Africa and Western Asia (SDG),,1999,12.62672
Northern Africa and Western Asia (SDG),,2000,13.36441
Northern Africa and Western Asia (SDG),,2001,13.81446
Northern Africa and Western Asia (SDG),,2002,14.27193
Northern Africa and Western Asia (SDG),,2003,14.85164
Northern Africa and Western Asia (SDG),,2004,15.29356
Northern Africa and Western Asia (SDG),,2005,16.2993
Northern Africa and Western Asia (SDG),,2006,18.29454
Northern Africa and Western Asia (SDG),,2007,19.05708
Northern Africa and Western Asia (SDG),,2008,20.46822
Northern Africa and Western Asia (SDG),,2009,23.03836
Northern Africa and Western Asia (SDG),,2010,23.91284
Northern Africa and Western Asia (SDG),,2011,24.7942
Northern Africa and Western Asia (SDG),,2012,25.16169
Northern Africa and Western Asia (SDG),,2013,24.52296
Northern Africa and Western Asia (SDG),,2014,25.96019
Northern Africa and Western Asia (SDG),,2015,26.63675
Northern Africa and Western Asia (SDG),,2016,26.68072
Northern Africa and Western Asia (SDG),,2017,27.76199
Northern Africa and Western Asia (SDG),,2018,28.53023
Northern Africa and Western Asia (SDG),,2019,29.55963
Northern Africa and Western Asia (SDG),,2020,30.835
Northern Africa and Western Asia (SDG),,2021,27.61522
Northern Africa and Western Asia (SDG),,2022,31.08698
Northern Africa and Western Asia (SDG),,2023,31.6498
Norway,NOR,1998,73.2526
Norway,NOR,1999,75.91038
Norway,NOR,2000,76.69742
Norway,NOR,2001,78.09049
Norway,NOR,2002,80.03072
Norway,NOR,2003,82.45205
Norway,NOR,2004,85.09323
Norway,NOR,2005,87.68703
Norway,NOR,2006,90.60044
Norway,NOR,2007,92.78603
Norway,NOR,2008,94.48877
Norway,NOR,2009,95.58167
Norway,NOR,2010,96.23074
Norway,NOR,2011,96.49747
Norway,NOR,2012,96.54406
Norway,NOR,2013,96.66452
Norway,NOR,2014,96.5822
Norway,NOR,2015,96.68228
Norway,NOR,2016,96.63838
Norway,NOR,2017,96.86833
Norway,NOR,2018,97.01924
Norway,NOR,2019,97.08396
Norway,NOR,2020,97.01818
Norway,NOR,2021,97.3207
Norway,NOR,2022,97.38816
Norway,NOR,2023,97.16383
Oceania (excluding Australia and New Zealand) (SDG),,1997,24.70504
Oceania (excluding Australia and New Zealand) (SDG),,1998,30.99061
Oceania (excluding Australia and New Zealand) (SDG),,1999,33.09849
Oceania (excluding Australia and New Zealand) (SDG),,2000,34.25524
Oceania (excluding Australia and New Zealand) (SDG),,2001,36.94113
Oceania (excluding Australia and New Zealand) (SDG),,2002,39.95239
Oceania (excluding Australia and New Zealand) (SDG),,2003,41.97734
Oceania (excluding Australia and New Zealand) (SDG),,2004,43.86965
Oceania (excluding Australia and New Zealand) (SDG),,2005,45.72608
Oceania (excluding Australia and New Zealand) (SDG),,2006,47.48492
Oceania (excluding Australia and New Zealand) (SDG),,2007,48.82149
Oceania (excluding Australia and New Zealand) (SDG),,2008,50.79868
Oceania (excluding Australia and New Zealand) (SDG),,2009,48.03777
Oceania (excluding Australia and New Zealand) (SDG),,2010,45.55235
Oceania (excluding Australia and New Zealand) (SDG),,2011,42.14849
Oceania (excluding Australia and New Zealand) (SDG),,2012,40.2923
Oceania (excluding Australia and New Zealand) (SDG),,2013,35.19367
Oceania (excluding Australia and New Zealand) (SDG),,2014,30.42546
Oceania (excluding Australia and New Zealand) (SDG),,2015,25.54073
Oceania (excluding Australia and New Zealand) (SDG),,2016,20.69896
Oceania (excluding Australia and New Zealand) (SDG),,2017,20.78719
Oceania (excluding Australia and New Zealand) (SDG),,2018,20.02421
Oceania (excluding Australia and New Zealand) (SDG),,2019,20.46919
Oman,OMN,2009,30.22015
Oman,OMN,2011,38.16543
Oman,OMN,2012,36.17608
Oman,OMN,2013,34.23248
Oman,OMN,2014,38.42048
Oman,OMN,2015,40.82052
Oman,OMN,2016,43.25508
Oman,OMN,2017,41.42629
Oman,OMN,2018,39.39892
Oman,OMN,2019,42.50496
Oman,OMN,2020,39.75206
Oman,OMN,2021,19.8923
Oman,OMN,2022,36.0123
Pakistan,PAK,2021,5.517476
Pakistan,PAK,2022,6.181648
Palau,PLW,2014,71.64592
Palau,PLW,2020,60.68249
Palau,PLW,2022,70.588234
Palau,PLW,2023,82.7529
Palestine,PSE,1999,31.63654
Palestine,PSE,2000,31.00381
Palestine,PSE,2001,27.46305
Palestine,PSE,2002,26.07755
Palestine,PSE,2003,23.78659
Palestine,PSE,2004,24.45813
Palestine,PSE,2005,25.94324
Palestine,PSE,2006,28.81494
Palestine,PSE,2008,30.48071
Palestine,PSE,2009,32.4499
Palestine,PSE,2010,31.95571
Palestine,PSE,2011,35.67494
Palestine,PSE,2012,35.70918
Palestine,PSE,2013,40.93765
Palestine,PSE,2014,45.89041
Palestine,PSE,2015,45.56057
Palestine,PSE,2016,48.14258
Palestine,PSE,2017,49.50986
Palestine,PSE,2018,50.32642
Palestine,PSE,2019,48.56434
Palestine,PSE,2020,51.27143
Palestine,PSE,2021,42.76396
Palestine,PSE,2022,49.59185
Palestine,PSE,2023,52.51028
Panama,PAN,1999,35.31777
Panama,PAN,2000,42.0977
Panama,PAN,2001,46.91724
Panama,PAN,2002,50.25513
Panama,PAN,2004,50.68509
Panama,PAN,2005,54.27527
Panama,PAN,2006,58.61918
Panama,PAN,2007,60.25609
Panama,PAN,2008,59.61295
Panama,PAN,2009,55.25804
Panama,PAN,2010,57.64313
Panama,PAN,2011,57.29371
Panama,PAN,2012,64.38013
Panama,PAN,2013,45.23069
Panama,PAN,2014,45.64872
Panama,PAN,2015,46.60822
Panama,PAN,2016,61.38142
Panama,PAN,2017,62.1941
Panama,PAN,2021,62.6587
Panama,PAN,2022,66.29213
Panama,PAN,2023,57.12475
Papua New Guinea,PNG,1998,35.86326
Papua New Guinea,PNG,2016,17.16744
Papua New Guinea,PNG,2018,16.0704
Paraguay,PRY,1998,24.33471
Paraguay,PRY,1999,26.46994
Paraguay,PRY,2000,28.39405
Paraguay,PRY,2001,30.1024
Paraguay,PRY,2002,29.86964
Paraguay,PRY,2003,31.25825
Paraguay,PRY,2004,32.28928
Paraguay,PRY,2005,33.58524
Paraguay,PRY,2006,33.96803
Paraguay,PRY,2007,36.39651
Paraguay,PRY,2008,38.70341
Paraguay,PRY,2009,38.83065
Paraguay,PRY,2010,39.33963
Paraguay,PRY,2011,38.75787
Paraguay,PRY,2012,38.19064
Paraguay,PRY,2016,43.04753
Paraguay,PRY,2020,45.39535
Paraguay,PRY,2021,43.9814
Paraguay,PRY,2022,45.93427
Paraguay,PRY,2023,46.33281
Peru,PER,1998,53.91833
Peru,PER,1999,53.80769
Peru,PER,2000,56.36736
Peru,PER,2001,57.43949
Peru,PER,2002,57.97192
Peru,PER,2003,57.31442
Peru,PER,2004,59.93329
Peru,PER,2005,62.01294
Peru,PER,2006,63.23641
Peru,PER,2007,65.03919
Peru,PER,2008,69.81514
Peru,PER,2009,75.03048
Peru,PER,2010,76.68496
Peru,PER,2011,73.26928
Peru,PER,2012,74.17564
Peru,PER,2013,85.67834
Peru,PER,2014,88.03047
Peru,PER,2015,92.75633
Peru,PER,2016,94.88788
Peru,PER,2017,96.03354
Peru,PER,2018,99.15769
Peru,PER,2019,98.55793
Peru,PER,2020,98.42702
Peru,PER,2021,96.66935
Peru,PER,2022,99.29975
Peru,PER,2023,98.60247
Philippines,PHL,2001,21.8135
Philippines,PHL,2002,24.1257
Philippines,PHL,2005,28.90389
Philippines,PHL,2006,32.46852
Philippines,PHL,2007,33.67818
Philippines,PHL,2008,35.11051
Philippines,PHL,2009,38.45231
Philippines,PHL,2010,45.67651
Philippines,PHL,2011,52.234314
Philippines,PHL,2012,66.3192
Philippines,PHL,2013,70.08965
Philippines,PHL,2014,68.687874
Philippines,PHL,2015,71.85647
Philippines,PHL,2016,68.65077
Philippines,PHL,2017,59.471394
Philippines,PHL,2018,77.3759
Philippines,PHL,2019,72.42917
Philippines,PHL,2020,62.76072
Philippines,PHL,2021,65.80184
Philippines,PHL,2022,71.20804
Philippines,PHL,2023,73.92158
Poland,POL,1998,48.06648
Poland,POL,1999,49.55771
Poland,POL,2000,49.7652
Poland,POL,2001,49.95683
Poland,POL,2002,49.85606
Poland,POL,2003,51.08504
Poland,POL,2004,52.25467
Poland,POL,2005,53.71034
Poland,POL,2006,55.61212
Poland,POL,2007,58.4194
Poland,POL,2008,59.44231
Poland,POL,2009,63.06429
Poland,POL,2010,66.72143
Poland,POL,2011,68.71897
Poland,POL,2012,71.62152
Poland,POL,2013,72.384
Poland,POL,2014,76.04818
Poland,POL,2017,81.18136
Poland,POL,2018,86.8186
Poland,POL,2019,89.4714
Poland,POL,2020,90.24208
Poland,POL,2021,89.87415
Poland,POL,2022,92.10316
Poland,POL,2023,96.12325
Portugal,PRT,1999,66.8457
Portugal,PRT,2000,70.67973
Portugal,PRT,2001,72.53911
Portugal,PRT,2002,72.83347
Portugal,PRT,2003,74.6367
Portugal,PRT,2004,74.3719
Portugal,PRT,2005,75.7543
Portugal,PRT,2006,76.56785
Portugal,PRT,2007,78.76826
Portugal,PRT,2008,80.36831
Portugal,PRT,2009,83.75115
Portugal,PRT,2010,85.56095
Portugal,PRT,2011,88.2856
Portugal,PRT,2012,89.29423
Portugal,PRT,2013,88.5309
Portugal,PRT,2014,87.80612
Portugal,PRT,2015,88.5325
Portugal,PRT,2016,88.44472
Portugal,PRT,2017,90.80109
Portugal,PRT,2018,90.08851
Portugal,PRT,2019,92.15592
Portugal,PRT,2020,92.80869
Portugal,PRT,2021,90.39942
Portugal,PRT,2022,96.21538
Puerto Rico,PRI,2010,83.33478
Puerto Rico,PRI,2011,84.72202
Puerto Rico,PRI,2012,77.54891
Puerto Rico,PRI,2013,57.95568
Puerto Rico,PRI,2015,32.70271
Puerto Rico,PRI,2016,32.49742
Puerto Rico,PRI,2018,34.8879
Puerto Rico,PRI,2023,30.57085
Qatar,QAT,1999,24.88435
Qatar,QAT,2001,25.66385
Qatar,QAT,2002,28.39425
Qatar,QAT,2003,29.25371
Qatar,QAT,2004,30.90703
Qatar,QAT,2005,33.62118
Qatar,QAT,2006,35.21738
Qatar,QAT,2007,36.79529
Qatar,QAT,2008,44.04644
Qatar,QAT,2009,48.64302
Qatar,QAT,2011,52.73915
Qatar,QAT,2013,52.21059
Qatar,QAT,2014,55.22991
Qatar,QAT,2015,60.12158
Qatar,QAT,2016,62.53442
Qatar,QAT,2017,57.02228
Qatar,QAT,2018,55.88516
Qatar,QAT,2019,55.55505
Qatar,QAT,2020,56.14721
Qatar,QAT,2021,44.10427
Qatar,QAT,2022,47.20879
Romania,ROU,1999,64.54312
Romania,ROU,2000,66.19541
Romania,ROU,2001,66.52658
Romania,ROU,2002,69.48574
Romania,ROU,2003,71.18731
Romania,ROU,2004,71.30075
Romania,ROU,2005,72.72877
Romania,ROU,2006,72.83947
Romania,ROU,2007,73.14769
Romania,ROU,2008,74.34934
Romania,ROU,2009,74.61279
Romania,ROU,2010,76.23746
Romania,ROU,2011,77.14309
Romania,ROU,2012,77.11078
Romania,ROU,2013,84.06876
Romania,ROU,2014,84.22121
Romania,ROU,2015,84.10893
Romania,ROU,2016,84.06354
Romania,ROU,2017,83.49269
Romania,ROU,2018,81.47271
Romania,ROU,2019,78.20389
Romania,ROU,2020,77.88664
Romania,ROU,2021,75.12012
Romania,ROU,2022,74.35706
Romania,ROU,2023,75.24843
Russia,RUS,2004,67.55438
Russia,RUS,2008,70.23602
Russia,RUS,2009,71.3725
Russia,RUS,2011,73.1894
Russia,RUS,2012,74.55162
Russia,RUS,2013,76.78219
Russia,RUS,2014,79.67776
Russia,RUS,2015,81.5422
Russia,RUS,2016,83.37706
Russia,RUS,2017,83.13753
Russia,RUS,2018,82.67293
Russia,RUS,2019,82.54058
Rwanda,RWA,2009,15.90931
Rwanda,RWA,2010,10.18079
Rwanda,RWA,2011,11.66357
Rwanda,RWA,2012,13.0549
Rwanda,RWA,2013,11.23973
Rwanda,RWA,2015,17.28377
Rwanda,RWA,2016,17.52102
Rwanda,RWA,2017,20.76415
Rwanda,RWA,2018,21.12583
Rwanda,RWA,2019,25.04616
Rwanda,RWA,2021,26.33517
Rwanda,RWA,2023,39.43233
Saint Helena,SHN,1998,63.09524
Saint Kitts and Nevis,KNA,2014,95.480644
Saint Kitts and Nevis,KNA,2015,91.57998
Saint Kitts and Nevis,KNA,2017,97.93398
Saint Kitts and Nevis,KNA,2018,99.924126
Saint Kitts and Nevis,KNA,2019,99.18506
Saint Kitts and Nevis,KNA,2020,97.60761
Saint Kitts and Nevis,KNA,2021,98.92308
Saint Kitts and Nevis,KNA,2022,90.17782
Saint Kitts and Nevis,KNA,2023,99.47283
Saint Lucia,LCA,2000,47.69164
Saint Lucia,LCA,2001,49.53116
Saint Lucia,LCA,2002,49.00411
Saint Lucia,LCA,2003,43.45597
Saint Lucia,LCA,2004,50.01568
Saint Lucia,LCA,2005,54.35528
Saint Lucia,LCA,2006,53.60434
Saint Lucia,LCA,2007,52.70522
Saint Lucia,LCA,2008,55.83669
Saint Lucia,LCA,2009,52.71803
Saint Lucia,LCA,2010,50.16038
Saint Lucia,LCA,2011,49.42038
Saint Lucia,LCA,2012,51.26749
Saint Lucia,LCA,2013,64.70823
Saint Lucia,LCA,2014,67.7206
Saint Lucia,LCA,2015,71.70155
Saint Lucia,LCA,2016,78.97497
Saint Lucia,LCA,2017,78.54442
Saint Lucia,LCA,2018,75.75972
Saint Lucia,LCA,2019,75.20076
Saint Lucia,LCA,2022,52.27164
Saint Lucia,LCA,2023,67.30862
Saint Vincent and the Grenadines,VCT,2013,70
Saint Vincent and the Grenadines,VCT,2014,67.663124
Saint Vincent and the Grenadines,VCT,2015,62.123005
Saint Vincent and the Grenadines,VCT,2016,68.58169
Saint Vincent and the Grenadines,VCT,2017,72.030075
Saint Vincent and the Grenadines,VCT,2018,71.74373
Saint Vincent and the Grenadines,VCT,2019,75.48721
Saint Vincent and the Grenadines,VCT,2020,78.31858
Saint Vincent and the Grenadines,VCT,2021,73.7479
Saint Vincent and the Grenadines,VCT,2022,66.298935
Saint Vincent and the Grenadines,VCT,2023,75.240204
Samoa,WSM,1999,31.71992
Samoa,WSM,2000,32.59514
Samoa,WSM,2001,32.3599
Samoa,WSM,2010,21.841772
Samoa,WSM,2011,23.653038
Samoa,WSM,2012,21.966877
Samoa,WSM,2014,23.950861
Samoa,WSM,2015,25.353846
Samoa,WSM,2016,23.76297
Samoa,WSM,2017,26.955132
Samoa,WSM,2018,30.023945
Samoa,WSM,2019,26.85376
Samoa,WSM,2020,18.60925
Samoa,WSM,2021,22.16627
Samoa,WSM,2022,21.87026
Samoa,WSM,2023,30.529701
San Marino,SMR,2000,99.10243
San Marino,SMR,2008,89.98999
San Marino,SMR,2009,92.05231
San Marino,SMR,2010,91.48073
San Marino,SMR,2011,75.73904
San Marino,SMR,2012,94.67054
San Marino,SMR,2018,94.78079
San Marino,SMR,2019,93.53128
San Marino,SMR,2020,94.78458
San Marino,SMR,2021,95.2912
San Marino,SMR,2022,95.19481
San Marino,SMR,2023,95.17426
Sao Tome and Principe,STP,1999,23.22692
Sao Tome and Principe,STP,2003,25.72604
Sao Tome and Principe,STP,2004,29.89293
Sao Tome and Principe,STP,2005,29.4975
Sao Tome and Principe,STP,2007,37.94265
Sao Tome and Principe,STP,2008,39.51834
Sao Tome and Principe,STP,2009,41.40248
Sao Tome and Principe,STP,2010,37.50893
Sao Tome and Principe,STP,2011,45.6638
Sao Tome and Principe,STP,2012,45.03004
Sao Tome and Principe,STP,2013,41.70673
Sao Tome and Principe,STP,2014,40.69558
Sao Tome and Principe,STP,2015,50.83314
Sao Tome and Principe,STP,2016,53.25522
Sao Tome and Principe,STP,2018,54.129192
Sao Tome and Principe,STP,2019,60.40839
Sao Tome and Principe,STP,2021,62.73048
Saudi Arabia,SAU,2013,11.15526
Saudi Arabia,SAU,2014,14.03188
Saudi Arabia,SAU,2015,16.81212
Saudi Arabia,SAU,2016,16.69348
Saudi Arabia,SAU,2017,17.7324
Saudi Arabia,SAU,2018,17.39406
Saudi Arabia,SAU,2019,19.12425
Saudi Arabia,SAU,2020,22.30841
Saudi Arabia,SAU,2021,15.67927
Saudi Arabia,SAU,2022,21.71331
Senegal,SEN,2000,2.8299
Senegal,SEN,2001,2.45623
Senegal,SEN,2003,1.80181
Senegal,SEN,2004,3.46246
Senegal,SEN,2005,5.07473
Senegal,SEN,2006,7.53624
Senegal,SEN,2007,7.84905
Senegal,SEN,2008,8.81406
Senegal,SEN,2009,9.62685
Senegal,SEN,2010,11.0773
Senegal,SEN,2011,11.38216
Senegal,SEN,2012,12.28462
Senegal,SEN,2013,12.64225
Senegal,SEN,2014,13.25959
Senegal,SEN,2015,13.99852
Senegal,SEN,2019,16.59212
Senegal,SEN,2020,16.92724
Senegal,SEN,2021,17.76749
Senegal,SEN,2022,18.08065
Senegal,SEN,2023,20.08274
Serbia,SRB,2007,48.46768
Serbia,SRB,2008,49.48202
Serbia,SRB,2009,51.55331
Serbia,SRB,2010,53.30691
Serbia,SRB,2011,55.80159
Serbia,SRB,2012,57.47221
Serbia,SRB,2013,58.55914
Serbia,SRB,2014,59.02483
Serbia,SRB,2015,58.16537
Serbia,SRB,2016,59.05273
Serbia,SRB,2017,60.71823
Serbia,SRB,2018,61.94578
Serbia,SRB,2019,63.72422
Serbia,SRB,2020,65.03093
Serbia,SRB,2021,63.78608
Serbia,SRB,2022,65.93433
Seychelles,SYC,1998,70.31992
Seychelles,SYC,1999,81.43434
Seychelles,SYC,2000,84.67715
Seychelles,SYC,2001,75.97231
Seychelles,SYC,2002,87.53776
Seychelles,SYC,2003,92.68791
Seychelles,SYC,2004,92.02612
Seychelles,SYC,2005,95.87351
Seychelles,SYC,2007,94.63396
Seychelles,SYC,2008,86.74411
Seychelles,SYC,2009,83.44371
Seychelles,SYC,2010,93.3209
Seychelles,SYC,2011,97.15249
Seychelles,SYC,2012,98.49405
Seychelles,SYC,2013,97.14829
Seychelles,SYC,2014,99.15782
Seychelles,SYC,2015,93.75
Seychelles,SYC,2016,84.65116
Seychelles,SYC,2017,81.33748
Seychelles,SYC,2018,86.27385
Seychelles,SYC,2019,86.19176
Seychelles,SYC,2020,87.28399
Seychelles,SYC,2021,87.61815
Seychelles,SYC,2022,82.55369
Seychelles,SYC,2023,80.50296
Sierra Leone,SLE,2001,4.0136
Sierra Leone,SLE,2012,7.692373
Sierra Leone,SLE,2013,6.124277
Sierra Leone,SLE,2015,7.81674
Sierra Leone,SLE,2016,10.857666
Sierra Leone,SLE,2017,11.715471
Sierra Leone,SLE,2018,12.941661
Sierra Leone,SLE,2020,21.32222
Sierra Leone,SLE,2021,24.261654
Sierra Leone,SLE,2022,24.632763
Sierra Leone,SLE,2023,24.386545
Singapore,SGP,2018,96.45341
Singapore,SGP,2019,96.78213
Singapore,SGP,2020,96.06987
Singapore,SGP,2021,95.56021
Singapore,SGP,2022,96.03127
Sint Maarten (Dutch part),SXM,2023,15.97846
Slovakia,SVK,2000,69.69149
Slovakia,SVK,2001,69.56353
Slovakia,SVK,2002,69.08977
Slovakia,SVK,2003,70.62119
Slovakia,SVK,2004,72.18288
Slovakia,SVK,2005,73.26959
Slovakia,SVK,2006,72.42978
Slovakia,SVK,2007,73.06731
Slovakia,SVK,2008,73.11247
Slovakia,SVK,2009,71.73001
Slovakia,SVK,2010,71.20945
Slovakia,SVK,2011,71.30786
Slovakia,SVK,2012,72.02762
Slovakia,SVK,2013,72.28341
Slovakia,SVK,2014,72.94996
Slovakia,SVK,2015,72.2185
Slovakia,SVK,2016,73.37601
Slovakia,SVK,2017,74.91803
Slovakia,SVK,2018,77.5431
Slovakia,SVK,2019,77.76619
Slovakia,SVK,2020,78.08794
Slovakia,SVK,2021,77.41683
Slovakia,SVK,2022,78.56355
Slovakia,SVK,2023,80.78551
Slovenia,SVN,1999,74.61688
Slovenia,SVN,2000,74.9244
Slovenia,SVN,2001,73.15472
Slovenia,SVN,2002,71.19972
Slovenia,SVN,2003,66.07758
Slovenia,SVN,2004,76.15143
Slovenia,SVN,2005,75.48759
Slovenia,SVN,2006,77.58088
Slovenia,SVN,2007,79.47313
Slovenia,SVN,2008,82.37645
Slovenia,SVN,2009,84.14142
Slovenia,SVN,2010,85.75611
Slovenia,SVN,2011,87.33136
Slovenia,SVN,2012,88.76711
Slovenia,SVN,2013,87.94764
Slovenia,SVN,2014,87.19516
Slovenia,SVN,2015,87.97208
Slovenia,SVN,2016,88.58865
Slovenia,SVN,2017,89.93601
Slovenia,SVN,2018,91.04471
Slovenia,SVN,2019,92.06595
Slovenia,SVN,2020,92.55877
Slovenia,SVN,2021,92.28989
Slovenia,SVN,2022,92.64775
Slovenia,SVN,2023,93.10611
Solomon Islands,SLB,1997,36.51714
Solomon Islands,SLB,2013,37.658474
Solomon Islands,SLB,2014,39.575993
Solomon Islands,SLB,2015,39.135433
Solomon Islands,SLB,2018,34.945103
Solomon Islands,SLB,2019,40.996056
Solomon Islands,SLB,2020,26.598742
Solomon Islands,SLB,2023,27.412117
South Africa,ZAF,1998,5.05798
South Africa,ZAF,1999,4.64756
South Africa,ZAF,2000,7.20198
South Africa,ZAF,2015,12.59809
South Africa,ZAF,2018,18.09916
South Africa,ZAF,2019,18.60474
South Africa,ZAF,2020,18.60013
South Africa,ZAF,2021,12.90459
South Africa,ZAF,2022,18.33772
South Asia (WB),WB_SA,2019,59.51024
South Asia (WB),WB_SA,2020,58.62116
South Asia (WB),WB_SA,2021,51.62559
South Asia (WB),WB_SA,2022,43.00232
South Asia (WB),WB_SA,2023,51.02491
South Korea,KOR,2013,92.81206
South Korea,KOR,2014,92.39509
South Korea,KOR,2015,91.76689
South Korea,KOR,2016,93.16288
South Korea,KOR,2017,94.56225
South Korea,KOR,2018,94.33223
South Korea,KOR,2019,92.83608
South Korea,KOR,2020,93.3658
South Korea,KOR,2021,95.35749
South Korea,KOR,2022,95.62449
South Sudan,SSD,2011,3.90259
South Sudan,SSD,2015,6.06194
South Sudan,SSD,2024,8.76588
Spain,ESP,2013,96.64263
Spain,ESP,2014,96.68944
Spain,ESP,2015,96.81193
Spain,ESP,2016,97.09624
Spain,ESP,2017,97.538
Spain,ESP,2018,97.98899
Spain,ESP,2019,97.98847
Spain,ESP,2020,98.10826
Spain,ESP,2021,96.99351
Spain,ESP,2022,97.61052
Spain,ESP,2023,97.60203
Sri Lanka,LKA,2010,29.07753
Sri Lanka,LKA,2011,29.806702
Sri Lanka,LKA,2012,32.83344
Sri Lanka,LKA,2013,33.00933
Sri Lanka,LKA,2014,30.428986
Sri Lanka,LKA,2015,40.561535
Sri Lanka,LKA,2016,40.928993
Sri Lanka,LKA,2017,34.216164
Sri Lanka,LKA,2018,33.08625
Sri Lanka,LKA,2021,40.899403
Sri Lanka,LKA,2022,33.492214
Sri Lanka,LKA,2023,32.872635
Sub-Saharan Africa (SDG),,2000,10.35961
Sub-Saharan Africa (SDG),,2001,10.68299
Sub-Saharan Africa (SDG),,2002,11.50227
Sub-Saharan Africa (SDG),,2003,12.35516
Sub-Saharan Africa (SDG),,2004,13.43496
Sub-Saharan Africa (SDG),,2005,14.07177
Sub-Saharan Africa (SDG),,2006,15.03615
Sub-Saharan Africa (SDG),,2007,14.31947
Sub-Saharan Africa (SDG),,2008,14.18641
Sub-Saharan Africa (SDG),,2009,14.80015
Sub-Saharan Africa (SDG),,2010,15.14716
Sub-Saharan Africa (SDG),,2011,16.65335
Sub-Saharan Africa (SDG),,2012,19.39273
Sub-Saharan Africa (SDG),,2013,21.39439
Sub-Saharan Africa (SDG),,2014,17.2264
Sub-Saharan Africa (SDG),,2015,18.74828
Sub-Saharan Africa (SDG),,2016,19.02699
Sub-Saharan Africa (SDG),,2017,19.52874
Sub-Saharan Africa (SDG),,2018,18.31998
Sub-Saharan Africa (SDG),,2019,19.68542
Sub-Saharan Africa (SDG),,2020,20.58217
Sub-Saharan Africa (SDG),,2021,18.72946
Sub-Saharan Africa (SDG),,2022,19.20893
Sub-Saharan Africa (WB),WB_SSA,2000,10.53441
Sub-Saharan Africa (WB),WB_SSA,2001,10.84593
Sub-Saharan Africa (WB),WB_SSA,2002,11.64335
Sub-Saharan Africa (WB),WB_SSA,2003,12.55781
Sub-Saharan Africa (WB),WB_SSA,2004,13.59554
Sub-Saharan Africa (WB),WB_SSA,2005,14.20552
Sub-Saharan Africa (WB),WB_SSA,2006,15.20053
Sub-Saharan Africa (WB),WB_SSA,2007,14.49586
Sub-Saharan Africa (WB),WB_SSA,2008,14.46274
Sub-Saharan Africa (WB),WB_SSA,2009,15.25644
Sub-Saharan Africa (WB),WB_SSA,2010,15.4941
Sub-Saharan Africa (WB),WB_SSA,2011,17.04065
Sub-Saharan Africa (WB),WB_SSA,2012,19.74429
Sub-Saharan Africa (WB),WB_SSA,2013,21.77748
Sub-Saharan Africa (WB),WB_SSA,2014,17.72491
Sub-Saharan Africa (WB),WB_SSA,2015,19.22526
Sub-Saharan Africa (WB),WB_SSA,2016,19.49585
Sub-Saharan Africa (WB),WB_SSA,2017,20.0119
Sub-Saharan Africa (WB),WB_SSA,2018,18.85188
Sub-Saharan Africa (WB),WB_SSA,2019,20.18437
Sub-Saharan Africa (WB),WB_SSA,2020,21.0697
Sub-Saharan Africa (WB),WB_SSA,2021,19.28159
Sub-Saharan Africa (WB),WB_SSA,2022,19.74702
Sudan,SDN,2018,34.85804
Sudan,SDN,2019,36.78027
Suriname,SUR,2001,73.79291
Suriname,SUR,2002,78.11879
Suriname,SUR,2008,76.36178
Suriname,SUR,2009,74.57297
Suriname,SUR,2010,61.2358
Suriname,SUR,2011,60.61464
Suriname,SUR,2012,65.99403
Suriname,SUR,2013,68.75591
Suriname,SUR,2014,69.32595
Suriname,SUR,2015,68.88247
Suriname,SUR,2016,69.76029
Suriname,SUR,2017,67.81977
Suriname,SUR,2018,68.75982
Suriname,SUR,2019,70.1826
Suriname,SUR,2020,71.02905
Suriname,SUR,2021,65.70713
Sweden,SWE,1999,78.86269
Sweden,SWE,2000,78.97285
Sweden,SWE,2001,81.08683
Sweden,SWE,2002,82.40635
Sweden,SWE,2003,86.11526
Sweden,SWE,2004,89.11297
Sweden,SWE,2005,89.88333
Sweden,SWE,2006,88.09678
Sweden,SWE,2007,94.63764
Sweden,SWE,2008,92.61254
Sweden,SWE,2009,93.16492
Sweden,SWE,2010,93.62475
Sweden,SWE,2011,94.14722
Sweden,SWE,2012,94.73484
Sweden,SWE,2013,94.69155
Sweden,SWE,2014,94.88935
Sweden,SWE,2015,93.76675
Sweden,SWE,2016,94.45711
Sweden,SWE,2017,95.19057
Sweden,SWE,2018,94.82768
Sweden,SWE,2019,95.34277
Sweden,SWE,2020,95.73212
Sweden,SWE,2021,95.97046
Sweden,SWE,2022,95.92007
Sweden,SWE,2023,96.13971
Switzerland,CHE,1999,73.37814
Switzerland,CHE,2000,74.02899
Switzerland,CHE,2001,73.71285
Switzerland,CHE,2002,74.13271
Switzerland,CHE,2003,74.28032
Switzerland,CHE,2004,74.72024
Switzerland,CHE,2005,74.78853
Switzerland,CHE,2006,76.74862
Switzerland,CHE,2007,76.09947
Switzerland,CHE,2008,74.45254
Switzerland,CHE,2009,74.06589
Switzerland,CHE,2010,74.94923
Switzerland,CHE,2011,74.3275
Switzerland,CHE,2012,74.34965
Switzerland,CHE,2013,77.19643
Switzerland,CHE,2014,78.36795
Switzerland,CHE,2015,71.79069
Switzerland,CHE,2016,73.14082
Switzerland,CHE,2017,72.83225
Switzerland,CHE,2018,73.30927
Switzerland,CHE,2019,72.96353
Switzerland,CHE,2020,73.28378
Switzerland,CHE,2021,72.98157
Switzerland,CHE,2022,73.35459
Switzerland,CHE,2023,73.83083
Syria,SYR,1999,7.60223
Syria,SYR,2000,8.01478
Syria,SYR,2001,8.34858
Syria,SYR,2002,8.64856
Syria,SYR,2003,9.38162
Syria,SYR,2004,9.78354
Syria,SYR,2005,9.87477
Syria,SYR,2006,9.95055
Syria,SYR,2007,8.96624
Syria,SYR,2008,9.10223
Syria,SYR,2009,8.72535
Syria,SYR,2010,9.07522
Syria,SYR,2011,9.68526
Syria,SYR,2012,9.03406
Syria,SYR,2013,4.57954
Syria,SYR,2020,9.77002
Syria,SYR,2021,9.45843
Syria,SYR,2022,11.00415
Syria,SYR,2023,11.40183
Syria,SYR,2024,10.92402
Tajikistan,TJK,1999,6.54897
Tajikistan,TJK,2000,6.18044
Tajikistan,TJK,2001,6.49139
Tajikistan,TJK,2002,6.86793
Tajikistan,TJK,2003,7.5377
Tajikistan,TJK,2004,6.52743
Tajikistan,TJK,2005,6.6101
Tajikistan,TJK,2006,6.77131
Tajikistan,TJK,2007,6.63153
Tajikistan,TJK,2008,6.46149
Tajikistan,TJK,2009,6.26042
Tajikistan,TJK,2010,5.99906
Tajikistan,TJK,2011,6.27847
Tajikistan,TJK,2012,6.65285
Tajikistan,TJK,2013,7.00269
Tajikistan,TJK,2014,7.5517
Tajikistan,TJK,2015,7.73876
Tajikistan,TJK,2016,8.34307
Tajikistan,TJK,2017,8.11563
Tanzania,TZA,2004,22.92108
Tanzania,TZA,2005,26.72781
Tanzania,TZA,2006,27.23722
Tanzania,TZA,2007,31.40335
Tanzania,TZA,2008,34.34244
Tanzania,TZA,2009,33.23095
Tanzania,TZA,2010,33.04213
Tanzania,TZA,2011,34.013245
Tanzania,TZA,2012,33.14656
Tanzania,TZA,2013,32.225166
Tanzania,TZA,2015,30.717741
Tanzania,TZA,2016,40.175526
Tanzania,TZA,2017,38.04294
Tanzania,TZA,2018,34.298985
Tanzania,TZA,2019,33.220394
Tanzania,TZA,2020,28.104242
Tanzania,TZA,2021,29.299068
Tanzania,TZA,2022,31.535013
Tanzania,TZA,2023,31.331217
Thailand,THA,2017,75.16987
Thailand,THA,2018,78.57904
Thailand,THA,2019,76.158485
Thailand,THA,2020,74.09436
Thailand,THA,2021,71.622765
Thailand,THA,2022,71.72812
Thailand,THA,2023,76.20657
Togo,TGO,1999,2.48111
Togo,TGO,2000,2.04506
Togo,TGO,2001,2.23276
Togo,TGO,2002,2.52265
Togo,TGO,2003,2.59863
Togo,TGO,2007,4.11168
Togo,TGO,2008,4.64187
Togo,TGO,2009,7.12102
Togo,TGO,2010,7.20859
Togo,TGO,2011,8.91712
Togo,TGO,2012,10.30544
Togo,TGO,2018,21.70448
Togo,TGO,2019,23.66547
Togo,TGO,2020,28.00106
Togo,TGO,2021,27.33126
Togo,TGO,2022,29.8257
Togo,TGO,2023,27.90206
Tokelau,TKL,2016,63.07692
Tokelau,TKL,2019,69.56522
Tokelau,TKL,2021,73.07692
Tokelau,TKL,2023,39.02439
Tonga,TON,1998,18.90831
Tonga,TON,1999,20.20487
Tonga,TON,2020,29.839914
Tonga,TON,2021,44.022564
Tonga,TON,2022,45.95191
Tonga,TON,2023,46.376488
Trinidad and Tobago,TTO,2000,46.53985
Trinidad and Tobago,TTO,2001,48.32601
Trinidad and Tobago,TTO,2004,64.04652
Trinidad and Tobago,TTO,2005,64.64676
Trinidad and Tobago,TTO,2007,64.14125
Trinidad and Tobago,TTO,2019,62.44998
Trinidad and Tobago,TTO,2020,62.84739
Trinidad and Tobago,TTO,2021,18.72476
Trinidad and Tobago,TTO,2022,20.0696
Trinidad and Tobago,TTO,2023,21.50302
Tunisia,TUN,1999,13.6997
Tunisia,TUN,2000,15.41672
Tunisia,TUN,2001,16.61894
Tunisia,TUN,2002,19.75073
Turkey,TUR,2004,8.9428
Turkey,TUR,2005,11.41168
Turkey,TUR,2006,14.84464
Turkey,TUR,2007,18.08072
Turkey,TUR,2008,19.91972
Turkey,TUR,2009,22.53074
Turkey,TUR,2010,26.68861
Turkey,TUR,2011,29.84959
Turkey,TUR,2012,30.87249
Turkey,TUR,2013,28.28935
Turkey,TUR,2014,28.03074
Turkey,TUR,2015,31.06209
Turkey,TUR,2016,32.23109
Turkey,TUR,2017,34.94318
Turkey,TUR,2018,38.44459
Turkey,TUR,2019,39.4666
Turkey,TUR,2020,40.75735
Turkey,TUR,2021,31.09446
Turkey,TUR,2022,47.91516
Turks and Caicos Islands,TCA,1999,87.06897
Turks and Caicos Islands,TCA,2000,80.02303
Turks and Caicos Islands,TCA,2001,83.56546
Turks and Caicos Islands,TCA,2002,76.76903
Turks and Caicos Islands,TCA,2003,61.5869
Turks and Caicos Islands,TCA,2004,65.1135
Turks and Caicos Islands,TCA,2005,75.67568
Turks and Caicos Islands,TCA,2009,93.64162
Turks and Caicos Islands,TCA,2014,90.15707
Turks and Caicos Islands,TCA,2015,89.62547
Turks and Caicos Islands,TCA,2017,87.21072
Turks and Caicos Islands,TCA,2018,86.06328
Turks and Caicos Islands,TCA,2019,83.86041
Turks and Caicos Islands,TCA,2020,83.99973
Turks and Caicos Islands,TCA,2021,88.4272
Turks and Caicos Islands,TCA,2023,88.47619
Tuvalu,TUV,2005,89.87161
Tuvalu,TUV,2006,90.3972
Tuvalu,TUV,2014,71.12861
Tuvalu,TUV,2015,66.53021
Tuvalu,TUV,2016,68.65285
Tuvalu,TUV,2018,91.58752
Tuvalu,TUV,2022,66.89318
Uganda,UGA,2007,6.65973
Uganda,UGA,2008,9.02826
Uganda,UGA,2010,14.45341
Ukraine,UKR,2015,74.52959
Ukraine,UKR,2016,74.01885
Ukraine,UKR,2017,74.46425
Ukraine,UKR,2018,75.87428
Ukraine,UKR,2019,79.20962
Ukraine,UKR,2020,81.03073
Ukraine,UKR,2021,83.26415
United Arab Emirates,ARE,1999,55.46191
United Arab Emirates,ARE,2000,55.56608
United Arab Emirates,ARE,2001,70.15282
United Arab Emirates,ARE,2002,69.57665
United Arab Emirates,ARE,2003,68.71101
United Arab Emirates,ARE,2004,66.21383
United Arab Emirates,ARE,2005,64.33621
United Arab Emirates,ARE,2006,62.62224
United Arab Emirates,ARE,2018,68.7657
United Arab Emirates,ARE,2019,63.62076
United Arab Emirates,ARE,2020,71.77784
United Arab Emirates,ARE,2021,70.97406
United Arab Emirates,ARE,2022,77.09732
United Arab Emirates,ARE,2023,84.83949
United Kingdom,GBR,1998,73.32762
United Kingdom,GBR,1999,74.69479
United Kingdom,GBR,2000,77.23799
United Kingdom,GBR,2001,77.9397
United Kingdom,GBR,2002,78.38199
United Kingdom,GBR,2003,72.79393
United Kingdom,GBR,2004,55.30065
United Kingdom,GBR,2005,67.76331
United Kingdom,GBR,2006,68.77662
United Kingdom,GBR,2007,68.55035
United Kingdom,GBR,2008,73.74025
United Kingdom,GBR,2009,72.89515
United Kingdom,GBR,2010,73.74057
United Kingdom,GBR,2011,76.0954
United Kingdom,GBR,2012,76.81054
United Kingdom,GBR,2013,79.57085
United Kingdom,GBR,2014,89.55505
United Kingdom,GBR,2015,96.79061
United States,USA,2005,64.26895
United States,USA,2013,64.17136
United States,USA,2014,64.78293
United States,USA,2015,64.63642
United States,USA,2016,64.24988
United States,USA,2017,64.60124
United States,USA,2018,64.48727
United States,USA,2019,63.92392
United States,USA,2020,64.42674
United States,USA,2021,53.83779
United States,USA,2022,61.23594
Upper-middle-income countries,OWID_UMC,2005,41.21767
Upper-middle-income countries,OWID_UMC,2006,43.54543
Upper-middle-income countries,OWID_UMC,2007,45.93071
Upper-middle-income countries,OWID_UMC,2008,47.17001
Upper-middle-income countries,OWID_UMC,2009,48.76032
Upper-middle-income countries,OWID_UMC,2010,49.80478
Upper-middle-income countries,OWID_UMC,2011,52.39174
Upper-middle-income countries,OWID_UMC,2012,56.19213
Upper-middle-income countries,OWID_UMC,2013,58.0069
Upper-middle-income countries,OWID_UMC,2014,59.81483
Upper-middle-income countries,OWID_UMC,2015,61.49413
Upper-middle-income countries,OWID_UMC,2016,63.59583
Upper-middle-income countries,OWID_UMC,2017,65.10189
Upper-middle-income countries,OWID_UMC,2018,66.52465
Upper-middle-income countries,OWID_UMC,2019,68.36773
Upper-middle-income countries,OWID_UMC,2020,68.79304
Upper-middle-income countries,OWID_UMC,2021,68.17344
Upper-middle-income countries,OWID_UMC,2022,70.605
Uruguay,URY,2005,69.89362
Uruguay,URY,2006,78.33491
Uruguay,URY,2007,71.41094
Uruguay,URY,2008,75.4805
Uruguay,URY,2009,79.25324
Uruguay,URY,2010,79.43926
Uruguay,URY,2011,88.83568
Uruguay,URY,2012,90.42545
Uruguay,URY,2013,91.04241
Uruguay,URY,2014,91.58795
Uruguay,URY,2015,93.71582
Uruguay,URY,2016,95.05195
Uruguay,URY,2017,95.73541
Uruguay,URY,2018,98.47266
Uruguay,URY,2019,96.02933
Uruguay,URY,2020,93.57558
Uruguay,URY,2021,95.09351
Uruguay,URY,2022,89.80227
Uzbekistan,UZB,2006,21.76643
Uzbekistan,UZB,2008,17.80119
Uzbekistan,UZB,2009,19.69282
Uzbekistan,UZB,2010,19.630056
Uzbekistan,UZB,2011,18.518747
Uzbekistan,UZB,2012,18.182537
Uzbekistan,UZB,2013,18.1609
Uzbekistan,UZB,2014,18.417704
Uzbekistan,UZB,2015,19.83055
Uzbekistan,UZB,2016,20.40082
Uzbekistan,UZB,2017,23.293245
Uzbekistan,UZB,2018,24.803986
Uzbekistan,UZB,2019,31.166294
Uzbekistan,UZB,2020,38.92193
Uzbekistan,UZB,2021,41.15297
Uzbekistan,UZB,2022,45.982018
Vanuatu,VUT,2007,42.09008
Vanuatu,VUT,2008,48.91232
Vanuatu,VUT,2009,49.12958
Vanuatu,VUT,2010,52.368294
Vanuatu,VUT,2013,51.8636
Vanuatu,VUT,2019,77.151855
Vanuatu,VUT,2020,66.412125
Vanuatu,VUT,2021,72.97996
Vanuatu,VUT,2022,64.79977
Vanuatu,VUT,2023,51.585793
Venezuela,VEN,1998,40.81196
Venezuela,VEN,1999,39.60774
Venezuela,VEN,2000,43.18961
Venezuela,VEN,2001,44.89769
Venezuela,VEN,2002,45.27503
Venezuela,VEN,2003,46.31684
Venezuela,VEN,2004,48.06987
Venezuela,VEN,2005,50.14166
Venezuela,VEN,2006,52.806
Venezuela,VEN,2007,53.89862
Venezuela,VEN,2008,63.9272
Venezuela,VEN,2009,68.07041
Venezuela,VEN,2010,69.21152
Venezuela,VEN,2011,70.09709
Venezuela,VEN,2012,69.80301
Venezuela,VEN,2013,73.73578
Venezuela,VEN,2014,73.14263
Venezuela,VEN,2015,76.04871
Venezuela,VEN,2016,69.76436
Venezuela,VEN,2017,68.05221
Vietnam,VNM,1999,42.36812
Vietnam,VNM,2000,44.02992
Vietnam,VNM,2001,46.33251
Vietnam,VNM,2002,49.41569
Vietnam,VNM,2005,56.52873
Vietnam,VNM,2006,54.52633
Vietnam,VNM,2007,60.38072
Vietnam,VNM,2008,61.21435
Vietnam,VNM,2009,63.22486
Vietnam,VNM,2010,62.70279
Vietnam,VNM,2011,68.52563
Vietnam,VNM,2012,70.69439
Vietnam,VNM,2013,74.94715
Vietnam,VNM,2020,84.245255
Vietnam,VNM,2021,87.5866
Vietnam,VNM,2022,83.38305
Vietnam,VNM,2023,93.918755
World,OWID_WRL,2003,32.10268
World,OWID_WRL,2004,33.15136
World,OWID_WRL,2005,34.7361
World,OWID_WRL,2006,36.34337
World,OWID_WRL,2007,37.80932
World,OWID_WRL,2008,39.06434
World,OWID_WRL,2009,40.35521
World,OWID_WRL,2010,41.69513
World,OWID_WRL,2011,43.94974
World,OWID_WRL,2012,46.41732
World,OWID_WRL,2013,48.33742
World,OWID_WRL,2014,48.94914
World,OWID_WRL,2015,50.52747
World,OWID_WRL,2016,51.89896
World,OWID_WRL,2017,53.21099
World,OWID_WRL,2018,53.54938
World,OWID_WRL,2019,54.68847
World,OWID_WRL,2020,54.82131
World,OWID_WRL,2021,51.80605
World,OWID_WRL,2022,50.42617
World,OWID_WRL,2023,52.42785
Yemen,YEM,1999,0.61242
Yemen,YEM,2003,0.44766
Yemen,YEM,2010,0.31691
Yemen,YEM,2011,0.8691
Yemen,YEM,2013,0.57514
Yemen,YEM,2016,1.31598
Zimbabwe,ZWE,2012,29.55987
Zimbabwe,ZWE,2013,26.975653
Zimbabwe,ZWE,2014,28.147657
Zimbabwe,ZWE,2015,32.805397
Zimbabwe,ZWE,2016,36.897076
Zimbabwe,ZWE,2017,35.71832
Zimbabwe,ZWE,2018,35.945107
Zimbabwe,ZWE,2019,37.33922
Zimbabwe,ZWE,2020,40.000286
Zimbabwe,ZWE,2021,38.27731
Zimbabwe,ZWE,2022,40.195927
Zimbabwe,ZWE,2023,39.34107